{
  "type": "FeatureCollection",
  "features": [
    {
      "type": "Feature",
      "geometry": {
        "type": "Polygon",
        "coordinates": [
          [
            [14.591106, 53.414483],
            [14.590881, 53.414198],
            [14.59105, 53.414039],
            [14.590938, 53.413721],
            [14.591401, 53.413537],
            [14.591682, 53.413537],
            [14.594013, 53.413495],
            [14.598309, 53.412968],
            [14.600183, 53.412664],
            [14.604002, 53.412086],
            [14.606361, 53.41171],
            [14.607611, 53.411576],
            [14.60806, 53.411751],
            [14.60872, 53.412446],
            [14.609001, 53.413208],
            [14.609268, 53.413484],
            [14.609394, 53.413819],
            [14.609848, 53.414053],
            [14.610052, 53.41435],
            [14.609759, 53.414471],
            [14.609661, 53.415124],
            [14.609872, 53.415384],
            [14.609829, 53.415978],
            [14.609226, 53.417693],
            [14.60646, 53.42253],
            [14.605687, 53.422731],
            [14.603665, 53.421894],
            [14.602164, 53.421673],
            [14.602292, 53.421506],
            [14.602231, 53.420649],
            [14.602042, 53.420038],
            [14.601775, 53.419697],
            [14.601929, 53.419229],
            [14.602137, 53.418914],
            [14.601867, 53.41844],
            [14.601284, 53.417781],
            [14.60037, 53.417116],
            [14.599636, 53.416439],
            [14.599188, 53.416093],
            [14.599782, 53.415998],
            [14.599646, 53.415691],
            [14.598935, 53.415704],
            [14.598888, 53.414658],
            [14.598634, 53.414081],
            [14.597621, 53.414061],
            [14.594743, 53.414154],
            [14.593119, 53.41421],
            [14.591106, 53.414483]
          ]
        ]
      },
      "properties": { "k": "forest" }
    },
    {
      "type": "Feature",
      "geometry": {
        "type": "MultiPolygon",
        "coordinates": [
          [
            [
              [14.567379, 53.433633],
              [14.567126, 53.43351],
              [14.566875, 53.4334],
              [14.566596, 53.43331],
              [14.566276, 53.43324],
              [14.565837, 53.433157],
              [14.564735, 53.43297],
              [14.565199, 53.43276],
              [14.565522, 53.432621],
              [14.566177, 53.432382],
              [14.566551, 53.432277],
              [14.567756, 53.431749],
              [14.568126, 53.431768],
              [14.568252, 53.431885],
              [14.568646, 53.432342],
              [14.568397, 53.43246],
              [14.568649, 53.432734],
              [14.568488, 53.432789],
              [14.567832, 53.432817],
              [14.56786, 53.433006],
              [14.567518, 53.433079],
              [14.567357, 53.433187],
              [14.567418, 53.433422],
              [14.567464, 53.433629],
              [14.567379, 53.433633]
            ]
          ],
          [
            [
              [14.558912, 53.430618],
              [14.560185, 53.430819],
              [14.560433, 53.43122],
              [14.560574, 53.431389],
              [14.560731, 53.431556],
              [14.560869, 53.431684],
              [14.561017, 53.431811],
              [14.561105, 53.431879],
              [14.561274, 53.432007],
              [14.561418, 53.432103],
              [14.562022, 53.432484],
              [14.562176, 53.432567],
              [14.563246, 53.432948],
              [14.563733, 53.433049],
              [14.564218, 53.433109],
              [14.564451, 53.433134],
              [14.565191, 53.433237],
              [14.565956, 53.43336],
              [14.56636, 53.433442],
              [14.566561, 53.433496],
              [14.566733, 53.433551],
              [14.566989, 53.433665],
              [14.56718, 53.433768],
              [14.567381, 53.433883],
              [14.567469, 53.433982],
              [14.567923, 53.434815],
              [14.568192, 53.435138],
              [14.567378, 53.435474],
              [14.567112, 53.435543],
              [14.565588, 53.435689],
              [14.565195, 53.435718],
              [14.564667, 53.435697],
              [14.561976, 53.435333],
              [14.560696, 53.435141],
              [14.560646, 53.435134],
              [14.560518, 53.435023],
              [14.560386, 53.434872],
              [14.5602, 53.434616],
              [14.559428, 53.433529],
              [14.558925, 53.432769],
              [14.558217, 53.431549],
              [14.558127, 53.43136],
              [14.558088, 53.43123],
              [14.55807, 53.43095],
              [14.558058, 53.430602],
              [14.558076, 53.430569],
              [14.558112, 53.430541],
              [14.558159, 53.430525],
              [14.558214, 53.430519],
              [14.55827, 53.43052],
              [14.558318, 53.430527],
              [14.558912, 53.430618]
            ]
          ]
        ]
      },
      "properties": { "k": "forest" }
    },
    {
      "type": "Feature",
      "geometry": {
        "type": "Polygon",
        "coordinates": [
          [
            [14.528747, 53.445016],
            [14.528905, 53.444962],
            [14.528903, 53.44498],
            [14.52891, 53.444998],
            [14.528923, 53.445013],
            [14.528943, 53.445028],
            [14.528974, 53.445039],
            [14.528988, 53.445042],
            [14.529023, 53.445046],
            [14.529054, 53.445044],
            [14.529076, 53.44504],
            [14.529106, 53.445027],
            [14.529122, 53.445018],
            [14.529409, 53.444856],
            [14.529425, 53.444847],
            [14.529492, 53.444808],
            [14.529812, 53.444629],
            [14.529879, 53.444591],
            [14.530087, 53.444474],
            [14.530301, 53.444354],
            [14.530524, 53.444228],
            [14.530746, 53.444104],
            [14.530969, 53.443979],
            [14.531186, 53.443854],
            [14.531434, 53.443714],
            [14.531498, 53.443679],
            [14.531796, 53.443509],
            [14.531868, 53.443469],
            [14.532059, 53.443361],
            [14.532272, 53.44324],
            [14.53248, 53.443123],
            [14.53266, 53.443021],
            [14.532689, 53.443005],
            [14.532931, 53.44287],
            [14.533012, 53.442825],
            [14.533277, 53.442676],
            [14.533517, 53.44254],
            [14.533821, 53.44237],
            [14.534001, 53.442267],
            [14.53407, 53.442228],
            [14.534027, 53.442201],
            [14.533674, 53.441981],
            [14.533761, 53.441941],
            [14.533887, 53.441902],
            [14.53405, 53.441864],
            [14.534205, 53.441837],
            [14.534431, 53.441805],
            [14.534674, 53.441786],
            [14.53484, 53.441782],
            [14.535194, 53.441792],
            [14.535286, 53.441794],
            [14.535516, 53.441908],
            [14.536415, 53.442227],
            [14.53688, 53.442391],
            [14.537218, 53.442511],
            [14.5376, 53.442126],
            [14.537786, 53.441939],
            [14.537877, 53.441847],
            [14.537971, 53.441753],
            [14.538113, 53.44161],
            [14.538171, 53.44163],
            [14.538264, 53.441537],
            [14.538312, 53.441559],
            [14.538394, 53.44159],
            [14.538402, 53.441605],
            [14.538454, 53.441644],
            [14.53844, 53.441657],
            [14.538666, 53.441737],
            [14.538678, 53.441722],
            [14.538785, 53.441762],
            [14.539, 53.441838],
            [14.539095, 53.441846],
            [14.539117, 53.441848],
            [14.53923, 53.441879],
            [14.539288, 53.441902],
            [14.538508, 53.442691],
            [14.538307, 53.442894],
            [14.538915, 53.44311],
            [14.539035, 53.443152],
            [14.539289, 53.443242],
            [14.541031, 53.443858],
            [14.542253, 53.443762],
            [14.542462, 53.44355],
            [14.542788, 53.443635],
            [14.543136, 53.443726],
            [14.543154, 53.44373],
            [14.543207, 53.443733],
            [14.543367, 53.443761],
            [14.543675, 53.443863],
            [14.543578, 53.443963],
            [14.543567, 53.444062],
            [14.543508, 53.444089],
            [14.543437, 53.44414],
            [14.543414, 53.444164],
            [14.543352, 53.444213],
            [14.543109, 53.444233],
            [14.542643, 53.444267],
            [14.542505, 53.444277],
            [14.542393, 53.444292],
            [14.542229, 53.444336],
            [14.542107, 53.444367],
            [14.541978, 53.444391],
            [14.541784, 53.444428],
            [14.541713, 53.444251],
            [14.541506, 53.444262],
            [14.541263, 53.444243],
            [14.540878, 53.444166],
            [14.540588, 53.444074],
            [14.540352, 53.444089],
            [14.540449, 53.444651],
            [14.539532, 53.444801],
            [14.539488, 53.444806],
            [14.539443, 53.444811],
            [14.539397, 53.444813],
            [14.539351, 53.444812],
            [14.539305, 53.444809],
            [14.539259, 53.444805],
            [14.538677, 53.444733],
            [14.538641, 53.44473],
            [14.538628, 53.44473],
            [14.538582, 53.444731],
            [14.538537, 53.444732],
            [14.538446, 53.444738],
            [14.538401, 53.444742],
            [14.53836, 53.444752],
            [14.538223, 53.444765],
            [14.538145, 53.44478],
            [14.538077, 53.444793],
            [14.537797, 53.444852],
            [14.537758, 53.444862],
            [14.537675, 53.444885],
            [14.537556, 53.44492],
            [14.537433, 53.444956],
            [14.537351, 53.444981],
            [14.537275, 53.445007],
            [14.537198, 53.445035],
            [14.53712, 53.445065],
            [14.536933, 53.445143],
            [14.536571, 53.445301],
            [14.536534, 53.445317],
            [14.536362, 53.445403],
            [14.536327, 53.445419],
            [14.535824, 53.445651],
            [14.535407, 53.445845],
            [14.534631, 53.446303],
            [14.534598, 53.446322],
            [14.534565, 53.44634],
            [14.53453, 53.446358],
            [14.534496, 53.446375],
            [14.53446, 53.446391],
            [14.534423, 53.446407],
            [14.534386, 53.446421],
            [14.534347, 53.446435],
            [14.534307, 53.446449],
            [14.534267, 53.446462],
            [14.534226, 53.446473],
            [14.534185, 53.446484],
            [14.534143, 53.446494],
            [14.534099, 53.446503],
            [14.53407, 53.446509],
            [14.534039, 53.446515],
            [14.533996, 53.446522],
            [14.533952, 53.446528],
            [14.533908, 53.446533],
            [14.533865, 53.446538],
            [14.533821, 53.446541],
            [14.533777, 53.446544],
            [14.533733, 53.446546],
            [14.53268, 53.446559],
            [14.53264, 53.446558],
            [14.532599, 53.446557],
            [14.532559, 53.446555],
            [14.532519, 53.446553],
            [14.532479, 53.44655],
            [14.53244, 53.446546],
            [14.53166, 53.446461],
            [14.531616, 53.446457],
            [14.531573, 53.446454],
            [14.531531, 53.446451],
            [14.531487, 53.446449],
            [14.531444, 53.446447],
            [14.531399, 53.446447],
            [14.531355, 53.446446],
            [14.531313, 53.446445],
            [14.531268, 53.446447],
            [14.531223, 53.446449],
            [14.531179, 53.446451],
            [14.531134, 53.446455],
            [14.531086, 53.446457],
            [14.530518, 53.446513],
            [14.530333, 53.446538],
            [14.529996, 53.446582],
            [14.52955, 53.44664],
            [14.52954, 53.446641],
            [14.52943, 53.446642],
            [14.527809, 53.446662],
            [14.52753, 53.446622],
            [14.527471, 53.446621],
            [14.527434, 53.446604],
            [14.527363, 53.446561],
            [14.527048, 53.446361],
            [14.526954, 53.446301],
            [14.526886, 53.446256],
            [14.5268, 53.446198],
            [14.526616, 53.446087],
            [14.526338, 53.445901],
            [14.526189, 53.445786],
            [14.526203, 53.445786],
            [14.526216, 53.445783],
            [14.526222, 53.445789],
            [14.526236, 53.445786],
            [14.52645, 53.445745],
            [14.526711, 53.445694],
            [14.527027, 53.445634],
            [14.527349, 53.445571],
            [14.52747, 53.445544],
            [14.5276, 53.445517],
            [14.527817, 53.445461],
            [14.528133, 53.445372],
            [14.52845, 53.445264],
            [14.528601, 53.445206],
            [14.528641, 53.44519],
            [14.528693, 53.445143],
            [14.52872, 53.445098],
            [14.528747, 53.445016]
          ],
          [
            [14.530819, 53.444353],
            [14.530358, 53.444406],
            [14.530491, 53.444739],
            [14.530964, 53.444672],
            [14.530867, 53.444372],
            [14.530819, 53.444353]
          ]
        ]
      },
      "properties": { "k": "park" }
    },
    {
      "type": "Feature",
      "geometry": {
        "type": "Polygon",
        "coordinates": [
          [
            [14.555179, 53.424771],
            [14.555168, 53.424762],
            [14.555162, 53.424752],
            [14.555163, 53.424741],
            [14.555169, 53.42473],
            [14.555181, 53.424722],
            [14.555197, 53.424716],
            [14.555215, 53.424714],
            [14.555234, 53.424715],
            [14.55525, 53.42472],
            [14.555264, 53.424727],
            [14.555272, 53.424737],
            [14.555274, 53.424748],
            [14.555271, 53.424759],
            [14.555261, 53.424769],
            [14.555247, 53.424776],
            [14.55523, 53.42478],
            [14.555212, 53.424781],
            [14.555194, 53.424778],
            [14.555179, 53.424771]
          ],
          [
            [14.555203, 53.424761],
            [14.555212, 53.424763],
            [14.555222, 53.424763],
            [14.555231, 53.424762],
            [14.555239, 53.424758],
            [14.555244, 53.424753],
            [14.555247, 53.424747],
            [14.555246, 53.424742],
            [14.555242, 53.424736],
            [14.555236, 53.424732],
            [14.555227, 53.424729],
            [14.555217, 53.424728],
            [14.555208, 53.424729],
            [14.555199, 53.424732],
            [14.555192, 53.424736],
            [14.555188, 53.424741],
            [14.555187, 53.424747],
            [14.55519, 53.424753],
            [14.555195, 53.424758],
            [14.555203, 53.424761]
          ]
        ]
      },
      "properties": { "k": "park" }
    },
    {
      "type": "Feature",
      "geometry": {
        "type": "Polygon",
        "coordinates": [
          [
            [14.545184, 53.442746],
            [14.545112, 53.442719],
            [14.545071, 53.442759],
            [14.545039, 53.442748],
            [14.545082, 53.44271],
            [14.545103, 53.442643],
            [14.545202, 53.442666],
            [14.545235, 53.442615],
            [14.545248, 53.442618],
            [14.54523, 53.442644],
            [14.545243, 53.442647],
            [14.54525, 53.442651],
            [14.545257, 53.442656],
            [14.545263, 53.442664],
            [14.545264, 53.442668],
            [14.545263, 53.442671],
            [14.545261, 53.442674],
            [14.545249, 53.442686],
            [14.545216, 53.442718],
            [14.545184, 53.442746]
          ]
        ]
      },
      "properties": { "k": "park" }
    },
    {
      "type": "Feature",
      "geometry": {
        "type": "Polygon",
        "coordinates": [
          [
            [14.544733, 53.442789],
            [14.544684, 53.442763],
            [14.544766, 53.442689],
            [14.544825, 53.442712],
            [14.544775, 53.442753],
            [14.544865, 53.442794],
            [14.544912, 53.442759],
            [14.544945, 53.442771],
            [14.544906, 53.442809],
            [14.545036, 53.442855],
            [14.545085, 53.44282],
            [14.545091, 53.442823],
            [14.545074, 53.442836],
            [14.545014, 53.442877],
            [14.54496, 53.442911],
            [14.544902, 53.442945],
            [14.54484, 53.442978],
            [14.544788, 53.442948],
            [14.544813, 53.442932],
            [14.544809, 53.442929],
            [14.544893, 53.442872],
            [14.544733, 53.442789]
          ]
        ]
      },
      "properties": { "k": "park" }
    },
    {
      "type": "Feature",
      "geometry": {
        "type": "Polygon",
        "coordinates": [
          [
            [14.545494, 53.442217],
            [14.545509, 53.44222],
            [14.545473, 53.442277],
            [14.545514, 53.442285],
            [14.545478, 53.442348],
            [14.545435, 53.442421],
            [14.545395, 53.442488],
            [14.545362, 53.442534],
            [14.545327, 53.442581],
            [14.545266, 53.442567],
            [14.545494, 53.442217]
          ]
        ]
      },
      "properties": { "k": "park" }
    },
    {
      "type": "Feature",
      "geometry": {
        "type": "Polygon",
        "coordinates": [
          [
            [14.591869, 53.42027],
            [14.591209, 53.420412],
            [14.591195, 53.420613],
            [14.590956, 53.420914],
            [14.590633, 53.420939],
            [14.590282, 53.420588],
            [14.590125, 53.420393],
            [14.589721, 53.420286],
            [14.589551, 53.41989],
            [14.59016, 53.419689],
            [14.591252, 53.419346],
            [14.590915, 53.418908],
            [14.590756, 53.418269],
            [14.590875, 53.417582],
            [14.590875, 53.416967],
            [14.590664, 53.416749],
            [14.589962, 53.417062],
            [14.589545, 53.417417],
            [14.58883, 53.416991],
            [14.588591, 53.416434],
            [14.588401, 53.416306],
            [14.58775, 53.415956],
            [14.587399, 53.414918],
            [14.587469, 53.414776],
            [14.587736, 53.414634],
            [14.587848, 53.41466],
            [14.588551, 53.414826],
            [14.589224, 53.414968],
            [14.589856, 53.415178],
            [14.590432, 53.415629],
            [14.590938, 53.415914],
            [14.591218, 53.415705],
            [14.591869, 53.42027]
          ]
        ]
      },
      "properties": { "k": "forest" }
    },
    {
      "type": "Feature",
      "geometry": {
        "type": "MultiPolygon",
        "coordinates": [
          [
            [
              [14.552042, 53.445916],
              [14.552064, 53.445895],
              [14.552079, 53.445902],
              [14.552584, 53.446079],
              [14.552647, 53.44602],
              [14.552667, 53.446027],
              [14.552802, 53.446078],
              [14.552844, 53.446094],
              [14.552738, 53.446186],
              [14.552722, 53.44618],
              [14.552042, 53.445916]
            ]
          ],
          [
            [
              [14.552802, 53.446078],
              [14.552857, 53.446026],
              [14.552832, 53.446016],
              [14.552901, 53.445951],
              [14.552719, 53.445883],
              [14.552722, 53.44588],
              [14.552638, 53.445849],
              [14.552715, 53.44585],
              [14.552742, 53.44585],
              [14.552773, 53.445842],
              [14.552846, 53.445766],
              [14.552851, 53.445743],
              [14.552847, 53.445725],
              [14.552838, 53.445712],
              [14.552885, 53.445666],
              [14.55305, 53.445724],
              [14.553177, 53.44577],
              [14.553367, 53.445842],
              [14.553356, 53.445845],
              [14.553343, 53.445851],
              [14.553328, 53.445861],
              [14.553305, 53.445881],
              [14.553014, 53.446131],
              [14.552948, 53.446105],
              [14.552925, 53.446124],
              [14.552844, 53.446094],
              [14.552802, 53.446078]
            ]
          ]
        ]
      },
      "properties": { "k": "forest" }
    },
    {
      "type": "Feature",
      "geometry": {
        "type": "Polygon",
        "coordinates": [
          [
            [14.541225, 53.422613],
            [14.541168, 53.422591],
            [14.540838, 53.421904],
            [14.540861, 53.421866],
            [14.540825, 53.421787],
            [14.540861, 53.421756],
            [14.541347, 53.421679],
            [14.541415, 53.421686],
            [14.541458, 53.421711],
            [14.541494, 53.421796],
            [14.541794, 53.422476],
            [14.541783, 53.422511],
            [14.541741, 53.422531],
            [14.541225, 53.422613]
          ]
        ]
      },
      "properties": { "k": "park" }
    },
    {
      "type": "Feature",
      "geometry": {
        "type": "Polygon",
        "coordinates": [
          [
            [14.545762, 53.425111],
            [14.545759, 53.4251],
            [14.545809, 53.425077],
            [14.545738, 53.425024],
            [14.545598, 53.42492],
            [14.545515, 53.424859],
            [14.545439, 53.424894],
            [14.545391, 53.424895],
            [14.545219, 53.424765],
            [14.545148, 53.42475],
            [14.545025, 53.424762],
            [14.544807, 53.424592],
            [14.54487, 53.424565],
            [14.544952, 53.424528],
            [14.545743, 53.424173],
            [14.545854, 53.424266],
            [14.545858, 53.424271],
            [14.545988, 53.42438],
            [14.546045, 53.424421],
            [14.546073, 53.424446],
            [14.546339, 53.424676],
            [14.546437, 53.424761],
            [14.546496, 53.424909],
            [14.546531, 53.424997],
            [14.545762, 53.425111]
          ]
        ]
      },
      "properties": { "k": "park" }
    },
    {
      "type": "Feature",
      "geometry": {
        "type": "Polygon",
        "coordinates": [
          [
            [14.573352, 53.406094],
            [14.573397, 53.406229],
            [14.573422, 53.406328],
            [14.573463, 53.406461],
            [14.573491, 53.406571],
            [14.573576, 53.406861],
            [14.573195, 53.407327],
            [14.572279, 53.408002],
            [14.57031, 53.409453],
            [14.565131, 53.413541],
            [14.564303, 53.413192],
            [14.564218, 53.413252],
            [14.564266, 53.413321],
            [14.564247, 53.41335],
            [14.564186, 53.413384],
            [14.562811, 53.412655],
            [14.560911, 53.413565],
            [14.560648, 53.41369],
            [14.560998, 53.413953],
            [14.561221, 53.414119],
            [14.562172, 53.414825],
            [14.561312, 53.415156],
            [14.560505, 53.415539],
            [14.559674, 53.415158],
            [14.559297, 53.415415],
            [14.558713, 53.415068],
            [14.558156, 53.414649],
            [14.557693, 53.414283],
            [14.558145, 53.41408],
            [14.558121, 53.414061],
            [14.558105, 53.414044],
            [14.558013, 53.414095],
            [14.557639, 53.414244],
            [14.55742, 53.414037],
            [14.557305, 53.41385],
            [14.55726, 53.413451],
            [14.55731, 53.41331],
            [14.557505, 53.413164],
            [14.557992, 53.412918],
            [14.558445, 53.412685],
            [14.56321, 53.410349],
            [14.565355, 53.409328],
            [14.566088, 53.409039],
            [14.566307, 53.408892],
            [14.568039, 53.408072],
            [14.568313, 53.408288],
            [14.56837, 53.408258],
            [14.568546, 53.408183],
            [14.569069, 53.408226],
            [14.571298, 53.406949],
            [14.571646, 53.406872],
            [14.571787, 53.40678],
            [14.571847, 53.406741],
            [14.572433, 53.406407],
            [14.572597, 53.406236],
            [14.573352, 53.406094]
          ]
        ]
      },
      "properties": { "k": "green" }
    },
    {
      "type": "Feature",
      "geometry": {
        "type": "Polygon",
        "coordinates": [
          [
            [14.55245, 53.403699],
            [14.552945, 53.403963],
            [14.553907, 53.405626],
            [14.554738, 53.40984],
            [14.555036, 53.411394],
            [14.555243, 53.412327],
            [14.554759, 53.412564],
            [14.554084, 53.41243],
            [14.552804, 53.412409],
            [14.552568, 53.412152],
            [14.552199, 53.411865],
            [14.551527, 53.412026],
            [14.551005, 53.411593],
            [14.550556, 53.411444],
            [14.550041, 53.411475],
            [14.549668, 53.41111],
            [14.549655, 53.410368],
            [14.549719, 53.410069],
            [14.548495, 53.410046],
            [14.54848, 53.409921],
            [14.548731, 53.409424],
            [14.549034, 53.409336],
            [14.550026, 53.407547],
            [14.551048, 53.405719],
            [14.551798, 53.403709],
            [14.55245, 53.403699]
          ]
        ]
      },
      "properties": { "k": "forest" }
    },
    {
      "type": "Feature",
      "geometry": {
        "type": "Polygon",
        "coordinates": [
          [
            [14.570721, 53.42971],
            [14.571207, 53.42881],
            [14.571391, 53.428494],
            [14.571451, 53.428391],
            [14.571607, 53.428464],
            [14.572061, 53.428677],
            [14.573053, 53.429048],
            [14.573938, 53.429333],
            [14.574503, 53.429484],
            [14.575747, 53.42979],
            [14.576305, 53.430066],
            [14.576679, 53.430282],
            [14.576809, 53.430357],
            [14.577101, 53.430558],
            [14.577369, 53.430747],
            [14.577416, 53.43078],
            [14.577438, 53.430867],
            [14.577534, 53.431241],
            [14.577612, 53.431669],
            [14.577627, 53.431942],
            [14.577629, 53.43198],
            [14.577714, 53.432076],
            [14.577814, 53.432412],
            [14.577769, 53.432637],
            [14.577556, 53.432853],
            [14.577571, 53.433069],
            [14.577493, 53.433179],
            [14.577408, 53.433212],
            [14.577225, 53.433223],
            [14.577014, 53.433238],
            [14.576616, 53.43313],
            [14.576495, 53.433055],
            [14.576258, 53.432971],
            [14.576166, 53.432971],
            [14.574784, 53.432216],
            [14.574812, 53.432174],
            [14.574055, 53.431763],
            [14.573786, 53.431617],
            [14.572911, 53.431058],
            [14.572438, 53.430928],
            [14.571934, 53.4306],
            [14.571414, 53.430282],
            [14.571497, 53.430233],
            [14.570721, 53.42971]
          ]
        ]
      },
      "properties": { "k": "green" }
    },
    {
      "type": "Feature",
      "geometry": {
        "type": "Polygon",
        "coordinates": [
          [
            [14.540548, 53.44868],
            [14.540707, 53.448614],
            [14.541125, 53.448443],
            [14.541324, 53.44836],
            [14.542172, 53.449115],
            [14.541094, 53.449655],
            [14.540857, 53.449796],
            [14.541003, 53.449938],
            [14.540716, 53.449991],
            [14.539785, 53.450161],
            [14.539212, 53.449685],
            [14.539218, 53.449646],
            [14.539149, 53.44963],
            [14.537684, 53.448387],
            [14.538163, 53.448221],
            [14.539031, 53.447962],
            [14.539526, 53.447795],
            [14.539548, 53.447813],
            [14.539555, 53.447819],
            [14.539584, 53.447844],
            [14.53968, 53.447928],
            [14.540088, 53.448281],
            [14.540152, 53.448338],
            [14.540226, 53.448401],
            [14.540492, 53.448631],
            [14.540548, 53.44868]
          ]
        ]
      },
      "properties": { "k": "green" }
    },
    {
      "type": "Feature",
      "geometry": {
        "type": "Polygon",
        "coordinates": [
          [
            [14.533189, 53.44965],
            [14.533128, 53.449586],
            [14.533232, 53.449542],
            [14.532273, 53.448709],
            [14.531788, 53.448397],
            [14.531494, 53.448213],
            [14.530676, 53.447421],
            [14.530372, 53.447091],
            [14.530339, 53.446949],
            [14.530077, 53.446777],
            [14.530053, 53.446744],
            [14.530675, 53.446683],
            [14.531363, 53.446628],
            [14.531536, 53.446651],
            [14.532045, 53.446681],
            [14.532657, 53.446709],
            [14.533279, 53.446705],
            [14.533528, 53.446727],
            [14.533726, 53.446708],
            [14.533974, 53.446681],
            [14.534194, 53.446649],
            [14.534405, 53.446592],
            [14.534393, 53.446578],
            [14.534773, 53.446421],
            [14.535296, 53.446141],
            [14.535941, 53.445822],
            [14.536588, 53.445522],
            [14.537, 53.445319],
            [14.537528, 53.445087],
            [14.538039, 53.445441],
            [14.539895, 53.447109],
            [14.539919, 53.447131],
            [14.540033, 53.447238],
            [14.540113, 53.44731],
            [14.539951, 53.447365],
            [14.534941, 53.449064],
            [14.533189, 53.44965]
          ]
        ]
      },
      "properties": { "k": "forest" }
    },
    {
      "type": "Feature",
      "geometry": {
        "type": "Polygon",
        "coordinates": [
          [
            [14.553435, 53.422029],
            [14.5534, 53.422015],
            [14.553367, 53.421927],
            [14.553319, 53.421791],
            [14.553312, 53.421776],
            [14.553259, 53.42166],
            [14.55323, 53.421591],
            [14.553225, 53.421531],
            [14.55324, 53.42147],
            [14.553283, 53.421415],
            [14.553334, 53.421371],
            [14.553507, 53.421261],
            [14.553575, 53.42122],
            [14.553699, 53.421154],
            [14.553712, 53.421143],
            [14.553749, 53.421118],
            [14.553828, 53.421067],
            [14.553912, 53.421016],
            [14.553965, 53.421007],
            [14.554012, 53.421011],
            [14.554059, 53.421021],
            [14.554097, 53.421043],
            [14.554153, 53.421081],
            [14.554348, 53.421215],
            [14.554678, 53.421446],
            [14.5547, 53.421471],
            [14.554727, 53.421508],
            [14.5547, 53.421569],
            [14.554684, 53.421585],
            [14.554595, 53.421621],
            [14.55423, 53.421795],
            [14.553859, 53.421947],
            [14.553589, 53.422051],
            [14.553569, 53.422053],
            [14.553551, 53.422052],
            [14.553538, 53.422051],
            [14.553514, 53.422048],
            [14.55347, 53.422041],
            [14.553435, 53.422029]
          ]
        ]
      },
      "properties": { "k": "park" }
    },
    {
      "type": "Feature",
      "geometry": {
        "type": "Polygon",
        "coordinates": [
          [
            [14.557616, 53.440199],
            [14.558364, 53.440141],
            [14.559018, 53.440091],
            [14.559048, 53.440281],
            [14.559376, 53.440259],
            [14.559869, 53.440224],
            [14.560209, 53.441748],
            [14.559741, 53.441793],
            [14.559118, 53.441854],
            [14.558482, 53.441916],
            [14.558093, 53.441952],
            [14.558022, 53.441778],
            [14.558196, 53.441755],
            [14.557839, 53.44094],
            [14.557633, 53.440253],
            [14.557616, 53.440199]
          ]
        ]
      },
      "properties": { "k": "green" }
    },
    {
      "type": "Feature",
      "geometry": {
        "type": "Polygon",
        "coordinates": [
          [
            [14.539838, 53.411613],
            [14.540044, 53.411638],
            [14.540398, 53.411794],
            [14.540755, 53.41195],
            [14.540789, 53.411982],
            [14.540802, 53.412017],
            [14.540747, 53.412282],
            [14.540719, 53.412359],
            [14.540659, 53.41243],
            [14.539986, 53.412921],
            [14.539348, 53.413388],
            [14.539184, 53.413361],
            [14.539173, 53.413359],
            [14.539062, 53.413341],
            [14.539049, 53.413339],
            [14.538363, 53.413227],
            [14.537871, 53.413145],
            [14.537769, 53.41313],
            [14.537679, 53.413105],
            [14.537615, 53.41308],
            [14.537578, 53.413066],
            [14.537223, 53.412894],
            [14.537688, 53.412559],
            [14.537439, 53.412439],
            [14.537992, 53.412032],
            [14.53742, 53.41175],
            [14.537075, 53.411997],
            [14.536705, 53.412269],
            [14.536488, 53.412425],
            [14.536398, 53.41249],
            [14.535995, 53.412291],
            [14.53647, 53.411916],
            [14.537023, 53.411535],
            [14.537911, 53.411413],
            [14.538514, 53.411449],
            [14.538633, 53.411458],
            [14.539324, 53.411583],
            [14.539597, 53.411636],
            [14.539652, 53.411653],
            [14.53968, 53.411673],
            [14.539706, 53.411688],
            [14.539838, 53.411613]
          ]
        ]
      },
      "properties": { "k": "green" }
    },
    {
      "type": "Feature",
      "geometry": {
        "type": "Polygon",
        "coordinates": [
          [
            [14.540702, 53.438727],
            [14.540956, 53.438816],
            [14.541007, 53.438765],
            [14.541259, 53.438853],
            [14.541232, 53.438879],
            [14.541784, 53.43907],
            [14.541807, 53.439046],
            [14.542056, 53.439133],
            [14.541995, 53.439193],
            [14.54208, 53.439228],
            [14.542097, 53.439211],
            [14.542128, 53.43922],
            [14.542133, 53.439213],
            [14.542095, 53.439201],
            [14.542104, 53.439197],
            [14.542131, 53.439196],
            [14.542165, 53.439205],
            [14.542279, 53.439244],
            [14.542281, 53.43926],
            [14.542272, 53.439271],
            [14.539807, 53.441745],
            [14.53929, 53.441563],
            [14.539302, 53.44155],
            [14.539534, 53.441317],
            [14.538978, 53.441122],
            [14.538761, 53.441341],
            [14.53873, 53.441372],
            [14.538248, 53.441202],
            [14.540702, 53.438727]
          ]
        ]
      },
      "properties": { "k": "green" }
    },
    {
      "type": "Feature",
      "geometry": {
        "type": "Polygon",
        "coordinates": [
          [
            [14.566503, 53.437386],
            [14.566487, 53.437661],
            [14.56628, 53.437653],
            [14.566313, 53.437015],
            [14.56629, 53.437016],
            [14.566289, 53.436873],
            [14.566277, 53.436486],
            [14.566249, 53.435812],
            [14.567171, 53.435735],
            [14.567199, 53.436328],
            [14.567207, 53.436556],
            [14.567215, 53.436627],
            [14.567219, 53.43667],
            [14.567228, 53.43674],
            [14.567236, 53.436818],
            [14.567253, 53.436946],
            [14.567259, 53.437009],
            [14.567262, 53.437024],
            [14.567267, 53.437068],
            [14.567279, 53.437158],
            [14.567283, 53.437189],
            [14.567284, 53.437224],
            [14.567283, 53.437248],
            [14.567284, 53.437263],
            [14.567294, 53.437367],
            [14.567096, 53.437372],
            [14.566503, 53.437386]
          ]
        ]
      },
      "properties": { "k": "forest" }
    },
    {
      "type": "Feature",
      "geometry": {
        "type": "Polygon",
        "coordinates": [
          [
            [14.548805, 53.42498],
            [14.548837, 53.425076],
            [14.548781, 53.425267],
            [14.548785, 53.425275],
            [14.548713, 53.425293],
            [14.548575, 53.425332],
            [14.548483, 53.425361],
            [14.548318, 53.425407],
            [14.548119, 53.425458],
            [14.547986, 53.425491],
            [14.547867, 53.425513],
            [14.547657, 53.425545],
            [14.547516, 53.425118],
            [14.547498, 53.425023],
            [14.547494, 53.425015],
            [14.54774, 53.424988],
            [14.547861, 53.424982],
            [14.548015, 53.424973],
            [14.548163, 53.424972],
            [14.548447, 53.424973],
            [14.54866, 53.424977],
            [14.548805, 53.42498]
          ]
        ]
      },
      "properties": { "k": "park" }
    },
    {
      "type": "Feature",
      "geometry": {
        "type": "Polygon",
        "coordinates": [
          [
            [14.536418, 53.426829],
            [14.536349, 53.426835],
            [14.536255, 53.426807],
            [14.534744, 53.425626],
            [14.535865, 53.425112],
            [14.535885, 53.425107],
            [14.535907, 53.425108],
            [14.535924, 53.425116],
            [14.535933, 53.425126],
            [14.536091, 53.425513],
            [14.536208, 53.425804],
            [14.536378, 53.426229],
            [14.536496, 53.426524],
            [14.536552, 53.426733],
            [14.536538, 53.426767],
            [14.536512, 53.426786],
            [14.536418, 53.426829]
          ]
        ]
      },
      "properties": { "k": "park" }
    },
    {
      "type": "Feature",
      "geometry": {
        "type": "Polygon",
        "coordinates": [
          [
            [14.549302, 53.44522],
            [14.549269, 53.445223],
            [14.549239, 53.445222],
            [14.549216, 53.445219],
            [14.5492, 53.445214],
            [14.54918, 53.445206],
            [14.549163, 53.445198],
            [14.54915, 53.445191],
            [14.549137, 53.445183],
            [14.549045, 53.445096],
            [14.548456, 53.444438],
            [14.54846, 53.444426],
            [14.548467, 53.444417],
            [14.548477, 53.444406],
            [14.548486, 53.444399],
            [14.548499, 53.444391],
            [14.548801, 53.444346],
            [14.549069, 53.444303],
            [14.549149, 53.444281],
            [14.549274, 53.444235],
            [14.549338, 53.44422],
            [14.549497, 53.444197],
            [14.549539, 53.444281],
            [14.5497, 53.444705],
            [14.549729, 53.444782],
            [14.549755, 53.444859],
            [14.549788, 53.444954],
            [14.549812, 53.445027],
            [14.549892, 53.445054],
            [14.549712, 53.445106],
            [14.549302, 53.44522]
          ]
        ]
      },
      "properties": { "k": "park" }
    },
    {
      "type": "Feature",
      "geometry": {
        "type": "Polygon",
        "coordinates": [
          [
            [14.549806, 53.448767],
            [14.549896, 53.44873],
            [14.549916, 53.448729],
            [14.549934, 53.44875],
            [14.54995, 53.44878],
            [14.549967, 53.448941],
            [14.547032, 53.449271],
            [14.544831, 53.449551],
            [14.544841, 53.449477],
            [14.544985, 53.449417],
            [14.545158, 53.449394],
            [14.547335, 53.449133],
            [14.548083, 53.449043],
            [14.54886, 53.448943],
            [14.549398, 53.448858],
            [14.549654, 53.448815],
            [14.549806, 53.448767]
          ]
        ]
      },
      "properties": { "k": "forest" }
    },
    {
      "type": "Feature",
      "geometry": {
        "type": "Polygon",
        "coordinates": [
          [
            [14.570274, 53.445462],
            [14.570494, 53.44559],
            [14.569825, 53.445874],
            [14.568802, 53.446155],
            [14.567951, 53.446383],
            [14.567868, 53.446277],
            [14.56763, 53.445967],
            [14.568443, 53.445715],
            [14.568602, 53.445646],
            [14.568613, 53.445634],
            [14.568603, 53.445626],
            [14.56864, 53.445622],
            [14.568751, 53.445558],
            [14.568887, 53.445455],
            [14.569034, 53.44533],
            [14.569094, 53.445242],
            [14.56919, 53.445021],
            [14.569244, 53.444864],
            [14.569745, 53.443004],
            [14.569841, 53.442877],
            [14.570215, 53.442911],
            [14.570187, 53.443074],
            [14.570586, 53.443115],
            [14.570624, 53.443116],
            [14.57073, 53.443034],
            [14.570762, 53.442964],
            [14.570902, 53.442973],
            [14.570857, 53.443187],
            [14.570463, 53.445179],
            [14.570274, 53.445462]
          ]
        ]
      },
      "properties": { "k": "green" }
    },
    {
      "type": "Feature",
      "geometry": {
        "type": "Polygon",
        "coordinates": [
          [
            [14.550642, 53.446882],
            [14.550299, 53.447211],
            [14.550187, 53.447199],
            [14.549727, 53.446275],
            [14.549513, 53.445819],
            [14.549725, 53.445743],
            [14.550044, 53.44587],
            [14.550594, 53.446091],
            [14.551208, 53.446342],
            [14.550642, 53.446882]
          ]
        ]
      },
      "properties": { "k": "park" }
    },
    {
      "type": "Feature",
      "geometry": {
        "type": "Polygon",
        "coordinates": [
          [
            [14.562703, 53.431253],
            [14.562715, 53.431293],
            [14.562522, 53.431386],
            [14.561512, 53.431893],
            [14.561485, 53.431895],
            [14.561461, 53.431891],
            [14.561332, 53.431797],
            [14.561133, 53.431637],
            [14.560969, 53.431487],
            [14.560831, 53.431345],
            [14.560744, 53.431241],
            [14.560667, 53.431147],
            [14.560584, 53.431039],
            [14.56056, 53.430996],
            [14.560558, 53.430985],
            [14.560577, 53.430967],
            [14.560561, 53.430883],
            [14.560563, 53.430846],
            [14.560586, 53.430814],
            [14.560857, 53.43076],
            [14.561249, 53.430678],
            [14.561993, 53.430529],
            [14.562036, 53.430556],
            [14.56211, 53.430662],
            [14.562125, 53.430682],
            [14.562188, 53.430761],
            [14.562267, 53.430855],
            [14.562296, 53.430886],
            [14.56236, 53.430953],
            [14.562419, 53.43101],
            [14.562533, 53.431114],
            [14.56259, 53.431162],
            [14.562703, 53.431253]
          ]
        ]
      },
      "properties": { "k": "green" }
    },
    {
      "type": "Feature",
      "geometry": {
        "type": "Polygon",
        "coordinates": [
          [
            [14.563109, 53.442443],
            [14.563441, 53.442305],
            [14.563504, 53.442288],
            [14.563557, 53.442281],
            [14.563633, 53.44228],
            [14.563683, 53.442286],
            [14.563712, 53.44229],
            [14.563749, 53.442417],
            [14.563821, 53.442662],
            [14.563876, 53.442847],
            [14.563898, 53.442926],
            [14.563956, 53.443118],
            [14.564009, 53.443298],
            [14.564035, 53.443383],
            [14.564052, 53.443381],
            [14.564084, 53.443378],
            [14.564099, 53.443377],
            [14.564143, 53.443373],
            [14.564189, 53.443368],
            [14.564309, 53.443577],
            [14.564374, 53.443792],
            [14.564436, 53.444014],
            [14.564556, 53.444403],
            [14.564744, 53.445062],
            [14.564942, 53.445749],
            [14.564929, 53.44582],
            [14.564829, 53.445783],
            [14.564734, 53.445438],
            [14.564672, 53.445215],
            [14.564558, 53.444853],
            [14.564337, 53.444235],
            [14.564166, 53.443932],
            [14.564, 53.443701],
            [14.563545, 53.443044],
            [14.563449, 53.442906],
            [14.563194, 53.442536],
            [14.563109, 53.442443]
          ]
        ]
      },
      "properties": { "k": "green" }
    },
    {
      "type": "Feature",
      "geometry": {
        "type": "Polygon",
        "coordinates": [
          [
            [14.551922, 53.43443],
            [14.551126, 53.434153],
            [14.551145, 53.434134],
            [14.55194, 53.434412],
            [14.551922, 53.43443]
          ]
        ]
      },
      "properties": { "k": "park" }
    },
    {
      "type": "Feature",
      "geometry": {
        "type": "Polygon",
        "coordinates": [
          [
            [14.558595, 53.424971],
            [14.558646, 53.424937],
            [14.558659, 53.424929],
            [14.558669, 53.424922],
            [14.559205, 53.424573],
            [14.559268, 53.424616],
            [14.559201, 53.424659],
            [14.559484, 53.424819],
            [14.55957, 53.424867],
            [14.559588, 53.424877],
            [14.559622, 53.424897],
            [14.559614, 53.424902],
            [14.559497, 53.424961],
            [14.559442, 53.42499],
            [14.559532, 53.425051],
            [14.559441, 53.425063],
            [14.55939, 53.425066],
            [14.559381, 53.425074],
            [14.559273, 53.425081],
            [14.55918, 53.425086],
            [14.559101, 53.425085],
            [14.559029, 53.425076],
            [14.558949, 53.425058],
            [14.5588, 53.42502],
            [14.558719, 53.425],
            [14.558646, 53.424983],
            [14.558622, 53.424977],
            [14.558595, 53.424971]
          ]
        ]
      },
      "properties": { "k": "park" }
    },
    {
      "type": "Feature",
      "geometry": {
        "type": "Polygon",
        "coordinates": [
          [
            [14.563827, 53.430576],
            [14.563921, 53.430676],
            [14.56404, 53.430799],
            [14.563755, 53.430897],
            [14.56343, 53.431009],
            [14.563117, 53.431117],
            [14.562959, 53.431166],
            [14.562685, 53.430934],
            [14.562615, 53.430864],
            [14.562547, 53.430796],
            [14.562534, 53.430778],
            [14.562453, 53.430685],
            [14.56239, 53.430606],
            [14.562293, 53.430466],
            [14.562619, 53.430355],
            [14.562834, 53.430281],
            [14.563169, 53.430167],
            [14.563368, 53.4301],
            [14.563532, 53.430273],
            [14.563577, 53.430319],
            [14.563827, 53.430576]
          ]
        ]
      },
      "properties": { "k": "green" }
    },
    {
      "type": "Feature",
      "geometry": {
        "type": "Polygon",
        "coordinates": [
          [
            [14.536748, 53.414084],
            [14.53684, 53.414114],
            [14.537052, 53.414183],
            [14.537488, 53.414326],
            [14.536924, 53.414824],
            [14.536881, 53.414859],
            [14.536808, 53.414925],
            [14.536743, 53.414981],
            [14.536602, 53.415081],
            [14.536582, 53.415091],
            [14.536478, 53.415185],
            [14.536338, 53.415254],
            [14.5361, 53.415414],
            [14.536088, 53.415432],
            [14.535925, 53.415537],
            [14.535862, 53.415558],
            [14.535798, 53.41557],
            [14.535765, 53.415581],
            [14.535574, 53.41561],
            [14.535091, 53.415698],
            [14.5347, 53.415765],
            [14.534354, 53.41583],
            [14.534146, 53.41568],
            [14.534214, 53.415596],
            [14.534267, 53.415543],
            [14.534327, 53.415483],
            [14.534383, 53.415453],
            [14.534588, 53.415391],
            [14.534646, 53.415372],
            [14.534843, 53.415313],
            [14.534942, 53.415282],
            [14.535077, 53.415237],
            [14.535257, 53.415167],
            [14.535272, 53.41516],
            [14.535474, 53.415068],
            [14.535667, 53.414973],
            [14.535725, 53.414938],
            [14.535823, 53.414855],
            [14.535934, 53.414766],
            [14.536076, 53.414646],
            [14.536222, 53.414507],
            [14.536403, 53.414351],
            [14.536578, 53.414205],
            [14.536748, 53.414084]
          ]
        ]
      },
      "properties": { "k": "green" }
    },
    {
      "type": "Feature",
      "geometry": {
        "type": "Polygon",
        "coordinates": [
          [
            [14.539114, 53.41351],
            [14.537665, 53.414221],
            [14.537334, 53.414101],
            [14.537084, 53.41401],
            [14.537073, 53.414006],
            [14.536932, 53.413956],
            [14.537058, 53.413819],
            [14.537066, 53.41381],
            [14.537259, 53.4136],
            [14.537264, 53.413595],
            [14.537569, 53.413262],
            [14.537734, 53.413291],
            [14.537758, 53.413293],
            [14.537906, 53.413317],
            [14.538354, 53.413388],
            [14.539114, 53.41351]
          ]
        ]
      },
      "properties": { "k": "green" }
    },
    {
      "type": "Feature",
      "geometry": {
        "type": "Polygon",
        "coordinates": [
          [
            [14.598395, 53.423817],
            [14.597613, 53.423391],
            [14.597647, 53.423019],
            [14.600503, 53.422713],
            [14.602197, 53.422739],
            [14.60286, 53.422827],
            [14.604358, 53.423223],
            [14.604912, 53.42344],
            [14.605481, 53.42376],
            [14.605718, 53.424288],
            [14.605181, 53.425485],
            [14.604184, 53.426607],
            [14.60401, 53.427106],
            [14.602555, 53.429255],
            [14.601495, 53.429],
            [14.603235, 53.426362],
            [14.603884, 53.424957],
            [14.603994, 53.42443],
            [14.603773, 53.4241],
            [14.601242, 53.423921],
            [14.599502, 53.42377],
            [14.598395, 53.423817]
          ]
        ]
      },
      "properties": { "k": "forest" }
    },
    {
      "type": "Feature",
      "geometry": {
        "type": "Polygon",
        "coordinates": [
          [
            [14.593083, 53.4365],
            [14.592803, 53.432756],
            [14.592443, 53.431749],
            [14.593082, 53.431949],
            [14.593344, 53.432234],
            [14.593379, 53.43254],
            [14.593564, 53.432599],
            [14.593635, 53.432801],
            [14.594083, 53.433181],
            [14.594903, 53.43302],
            [14.594723, 53.432431],
            [14.594337, 53.432297],
            [14.594296, 53.43209],
            [14.595084, 53.431906],
            [14.595503, 53.432101],
            [14.595888, 53.43241],
            [14.596034, 53.432628],
            [14.595986, 53.433274],
            [14.59565, 53.434607],
            [14.595526, 53.434619],
            [14.595362, 53.434859],
            [14.595135, 53.434848],
            [14.5951, 53.435053],
            [14.594849, 53.435536],
            [14.595391, 53.435598],
            [14.595251, 53.43606],
            [14.594517, 53.436106],
            [14.594417, 53.436318],
            [14.593822, 53.43654],
            [14.593083, 53.4365]
          ]
        ]
      },
      "properties": { "k": "forest" }
    },
    {
      "type": "Feature",
      "geometry": {
        "type": "Polygon",
        "coordinates": [
          [
            [14.608114, 53.459482],
            [14.606599, 53.459155],
            [14.605266, 53.458841],
            [14.603094, 53.458603],
            [14.602072, 53.458646],
            [14.60069, 53.458437],
            [14.600347, 53.458304],
            [14.600219, 53.458118],
            [14.60001, 53.457856],
            [14.600052, 53.45757],
            [14.599812, 53.457115],
            [14.59962, 53.456487],
            [14.59962, 53.456079],
            [14.600012, 53.455955],
            [14.600451, 53.455674],
            [14.600563, 53.455308],
            [14.600419, 53.455109],
            [14.600419, 53.454899],
            [14.599692, 53.45431],
            [14.599675, 53.454075],
            [14.599676, 53.453896],
            [14.599159, 53.453716],
            [14.598929, 53.453039],
            [14.598618, 53.452135],
            [14.598367, 53.451913],
            [14.598335, 53.451505],
            [14.598561, 53.451231],
            [14.598487, 53.451119],
            [14.597988, 53.450517],
            [14.597785, 53.449972],
            [14.597745, 53.449347],
            [14.597395, 53.449189],
            [14.5976, 53.449026],
            [14.597327, 53.448486],
            [14.597005, 53.448335],
            [14.596909, 53.447944],
            [14.596868, 53.4476],
            [14.596864, 53.447336],
            [14.59685, 53.447097],
            [14.59686, 53.44689],
            [14.596885, 53.4467],
            [14.597365, 53.446737],
            [14.597678, 53.447557],
            [14.598, 53.448573],
            [14.598301, 53.450407],
            [14.598934, 53.45118],
            [14.599245, 53.451799],
            [14.599931, 53.452962],
            [14.600461, 53.453514],
            [14.602048, 53.454603],
            [14.602522, 53.45501],
            [14.604219, 53.455481],
            [14.604802, 53.455524],
            [14.605703, 53.455601],
            [14.606742, 53.455576],
            [14.607723, 53.455265],
            [14.608053, 53.454975],
            [14.608529, 53.453968],
            [14.609043, 53.454225],
            [14.611424, 53.455413],
            [14.611269, 53.4554],
            [14.611698, 53.455726],
            [14.612417, 53.456161],
            [14.612069, 53.456142],
            [14.612194, 53.45633],
            [14.612885, 53.456539],
            [14.613074, 53.456706],
            [14.613611, 53.456866],
            [14.613911, 53.457319],
            [14.614834, 53.45806],
            [14.615316, 53.458463],
            [14.615376, 53.458733],
            [14.614357, 53.458848],
            [14.613368, 53.458912],
            [14.611505, 53.458845],
            [14.610746, 53.458805],
            [14.609893, 53.459019],
            [14.609439, 53.459136],
            [14.608114, 53.459482]
          ]
        ]
      },
      "properties": { "k": "forest" }
    },
    {
      "type": "Feature",
      "geometry": {
        "type": "Polygon",
        "coordinates": [
          [
            [14.539645, 53.45021],
            [14.53925, 53.450329],
            [14.539069, 53.450338],
            [14.538923, 53.450382],
            [14.538874, 53.45041],
            [14.538472, 53.450523],
            [14.536773, 53.451002],
            [14.536904, 53.450185],
            [14.536418, 53.44965],
            [14.536816, 53.449517],
            [14.536382, 53.449037],
            [14.536511, 53.448993],
            [14.536494, 53.448971],
            [14.536575, 53.448944],
            [14.536551, 53.448919],
            [14.536545, 53.44892],
            [14.536456, 53.448818],
            [14.536786, 53.448707],
            [14.537778, 53.449532],
            [14.538538, 53.449208],
            [14.539132, 53.449754],
            [14.539645, 53.45021]
          ]
        ]
      },
      "properties": { "k": "forest" }
    },
    {
      "type": "Feature",
      "geometry": {
        "type": "Polygon",
        "coordinates": [
          [
            [14.548151, 53.442234],
            [14.548157, 53.442224],
            [14.548169, 53.442222],
            [14.548187, 53.442219],
            [14.548298, 53.442274],
            [14.54827, 53.442291],
            [14.548413, 53.442368],
            [14.548455, 53.442404],
            [14.548494, 53.442452],
            [14.548368, 53.442509],
            [14.548698, 53.442882],
            [14.548315, 53.442978],
            [14.547736, 53.443078],
            [14.547658, 53.443011],
            [14.547747, 53.44285],
            [14.547872, 53.442658],
            [14.547887, 53.442635],
            [14.547975, 53.442501],
            [14.548013, 53.442443],
            [14.548151, 53.442234]
          ]
        ]
      },
      "properties": { "k": "park" }
    },
    {
      "type": "Feature",
      "geometry": {
        "type": "Polygon",
        "coordinates": [
          [
            [14.609454, 53.433542],
            [14.609662, 53.433359],
            [14.609787, 53.433089],
            [14.610029, 53.432785],
            [14.610265, 53.432402],
            [14.610599, 53.432078],
            [14.610803, 53.431813],
            [14.610947, 53.431547],
            [14.611176, 53.431305],
            [14.611242, 53.43102],
            [14.611451, 53.430743],
            [14.611772, 53.43038],
            [14.611714, 53.430032],
            [14.611491, 53.429806],
            [14.611327, 53.429517],
            [14.611406, 53.429123],
            [14.611189, 53.428752],
            [14.610783, 53.428303],
            [14.610409, 53.428002],
            [14.609702, 53.427889],
            [14.609092, 53.427709],
            [14.608863, 53.427428],
            [14.608273, 53.427085],
            [14.607395, 53.426944],
            [14.607395, 53.426803],
            [14.607611, 53.42653],
            [14.607493, 53.426171],
            [14.607736, 53.425999],
            [14.607854, 53.425859],
            [14.608083, 53.425933],
            [14.608843, 53.426097],
            [14.609184, 53.426171],
            [14.609839, 53.426561],
            [14.610527, 53.427182],
            [14.611104, 53.427819],
            [14.611301, 53.428186],
            [14.61136, 53.428404],
            [14.611471, 53.428588],
            [14.611609, 53.428709],
            [14.611982, 53.429166],
            [14.612316, 53.429427],
            [14.612683, 53.430146],
            [14.612742, 53.430415],
            [14.612841, 53.430653],
            [14.612644, 53.430782],
            [14.612316, 53.430977],
            [14.612035, 53.431036],
            [14.611714, 53.431239],
            [14.611464, 53.431489],
            [14.611215, 53.431727],
            [14.610966, 53.431844],
            [14.610822, 53.432035],
            [14.610894, 53.432262],
            [14.61039, 53.432765],
            [14.610305, 53.433152],
            [14.61001, 53.433277],
            [14.609885, 53.433445],
            [14.609741, 53.433726],
            [14.609636, 53.43387],
            [14.609479, 53.434054],
            [14.609309, 53.434202],
            [14.608784, 53.434448],
            [14.608607, 53.434651],
            [14.608811, 53.434795],
            [14.608955, 53.43494],
            [14.608791, 53.435053],
            [14.608555, 53.435119],
            [14.608411, 53.435264],
            [14.608116, 53.43535],
            [14.607939, 53.435408],
            [14.607586, 53.435297],
            [14.607423, 53.435375],
            [14.607377, 53.435631],
            [14.607048, 53.435794],
            [14.606696, 53.436206],
            [14.60658, 53.436352],
            [14.606886, 53.436653],
            [14.606793, 53.436824],
            [14.606536, 53.437023],
            [14.606444, 53.43705],
            [14.60631, 53.437076],
            [14.606093, 53.437044],
            [14.605962, 53.436906],
            [14.606001, 53.436712],
            [14.606086, 53.436494],
            [14.60585, 53.436365],
            [14.605752, 53.436228],
            [14.605988, 53.436236],
            [14.605988, 53.436127],
            [14.605772, 53.43601],
            [14.605562, 53.436006],
            [14.605261, 53.436154],
            [14.605123, 53.436298],
            [14.605175, 53.436552],
            [14.605228, 53.4369],
            [14.605326, 53.437009],
            [14.60568, 53.437122],
            [14.605608, 53.437231],
            [14.605483, 53.437364],
            [14.605352, 53.437481],
            [14.605162, 53.437606],
            [14.604664, 53.438012],
            [14.604356, 53.438082],
            [14.604271, 53.438305],
            [14.604153, 53.438445],
            [14.603884, 53.438605],
            [14.603603, 53.438793],
            [14.603301, 53.439257],
            [14.602993, 53.43957],
            [14.602443, 53.440175],
            [14.602266, 53.440463],
            [14.602102, 53.440709],
            [14.601899, 53.440881],
            [14.601571, 53.44101],
            [14.601368, 53.441162],
            [14.601165, 53.441416],
            [14.600916, 53.441834],
            [14.600837, 53.442306],
            [14.60066, 53.442415],
            [14.600516, 53.442497],
            [14.600339, 53.442618],
            [14.600241, 53.442766],
            [14.60011, 53.442954],
            [14.599822, 53.443122],
            [14.599651, 53.443188],
            [14.59952, 53.443286],
            [14.599173, 53.443465],
            [14.59895, 53.44368],
            [14.598812, 53.443902],
            [14.598491, 53.44407],
            [14.598354, 53.444101],
            [14.598157, 53.444175],
            [14.597987, 53.444308],
            [14.597633, 53.444414],
            [14.597476, 53.44457],
            [14.597489, 53.444749],
            [14.597358, 53.444823],
            [14.59701, 53.444722],
            [14.596886, 53.444433],
            [14.596958, 53.444293],
            [14.596892, 53.444179],
            [14.596899, 53.444132],
            [14.597023, 53.44384],
            [14.59684, 53.443844],
            [14.596866, 53.443777],
            [14.597102, 53.443699],
            [14.59701, 53.44359],
            [14.597279, 53.443305],
            [14.597476, 53.442731],
            [14.597738, 53.442556],
            [14.597633, 53.442478],
            [14.597829, 53.442294],
            [14.597803, 53.442146],
            [14.597823, 53.442033],
            [14.59855, 53.440959],
            [14.598504, 53.440745],
            [14.59859, 53.440624],
            [14.599022, 53.44046],
            [14.599284, 53.439718],
            [14.600057, 53.438648],
            [14.600418, 53.437981],
            [14.600936, 53.437505],
            [14.601145, 53.43706],
            [14.601145, 53.436353],
            [14.601381, 53.436294],
            [14.601525, 53.435889],
            [14.602298, 53.434829],
            [14.602597, 53.43442],
            [14.603111, 53.433714],
            [14.603091, 53.433331],
            [14.603662, 53.432578],
            [14.603544, 53.432402],
            [14.604631, 53.430727],
            [14.604579, 53.43056],
            [14.605143, 53.430271],
            [14.605457, 53.429673],
            [14.605405, 53.429435],
            [14.605981, 53.428826],
            [14.605988, 53.428322],
            [14.606519, 53.428057],
            [14.606886, 53.427483],
            [14.607233, 53.427534],
            [14.608688, 53.428205],
            [14.608681, 53.428494],
            [14.608059, 53.42899],
            [14.608917, 53.429517],
            [14.608878, 53.429662],
            [14.60796, 53.429958],
            [14.607652, 53.430181],
            [14.607489, 53.430485],
            [14.607593, 53.430751],
            [14.608059, 53.431044],
            [14.607928, 53.4312],
            [14.607928, 53.431637],
            [14.607213, 53.432039],
            [14.606787, 53.432555],
            [14.606787, 53.432882],
            [14.607056, 53.433105],
            [14.607901, 53.433234],
            [14.608393, 53.433207],
            [14.608819, 53.433089],
            [14.609146, 53.433308],
            [14.60916, 53.433492],
            [14.609454, 53.433542]
          ]
        ]
      },
      "properties": { "k": "forest" }
    },
    {
      "type": "Feature",
      "geometry": {
        "type": "Polygon",
        "coordinates": [
          [
            [14.547519, 53.429148],
            [14.547017, 53.429214],
            [14.546619, 53.428101],
            [14.54707, 53.427727],
            [14.547086, 53.4277],
            [14.547131, 53.427671],
            [14.547001, 53.426691],
            [14.547679, 53.426601],
            [14.54791, 53.427219],
            [14.548276, 53.428242],
            [14.54837, 53.428523],
            [14.548426, 53.428656],
            [14.548489, 53.428806],
            [14.548508, 53.428858],
            [14.548526, 53.428896],
            [14.548546, 53.428952],
            [14.548521, 53.429006],
            [14.54845, 53.429026],
            [14.547519, 53.429148]
          ]
        ]
      },
      "properties": { "k": "park" }
    },
    {
      "type": "Feature",
      "geometry": {
        "type": "Polygon",
        "coordinates": [
          [
            [14.571843, 53.426624],
            [14.571919, 53.426537],
            [14.571985, 53.426517],
            [14.573116, 53.426849],
            [14.57315, 53.426899],
            [14.573071, 53.426988],
            [14.573129, 53.427007],
            [14.57314, 53.427026],
            [14.573161, 53.427032],
            [14.573144, 53.427052],
            [14.57285, 53.426963],
            [14.572845, 53.426927],
            [14.572184, 53.426729],
            [14.572155, 53.426758],
            [14.571967, 53.426701],
            [14.571992, 53.426672],
            [14.571843, 53.426624]
          ]
        ]
      },
      "properties": { "k": "green" }
    },
    {
      "type": "Feature",
      "geometry": {
        "type": "Polygon",
        "coordinates": [
          [
            [14.563247, 53.450814],
            [14.563215, 53.450692],
            [14.562973, 53.450373],
            [14.562798, 53.450281],
            [14.562121, 53.449517],
            [14.562892, 53.449246],
            [14.563088, 53.449235],
            [14.56312, 53.449508],
            [14.563856, 53.449679],
            [14.563923, 53.44984],
            [14.564158, 53.449834],
            [14.564358, 53.449869],
            [14.564554, 53.449928],
            [14.564789, 53.450003],
            [14.565007, 53.449997],
            [14.565171, 53.449853],
            [14.565203, 53.449794],
            [14.565294, 53.449619],
            [14.565993, 53.449608],
            [14.566004, 53.450112],
            [14.566161, 53.450322],
            [14.56748, 53.450481],
            [14.567479, 53.450704],
            [14.567351, 53.45072],
            [14.567179, 53.450863],
            [14.567319, 53.451141],
            [14.56418, 53.451763],
            [14.563974, 53.451805],
            [14.563247, 53.450814]
          ]
        ]
      },
      "properties": { "k": "green" }
    },
    {
      "type": "Feature",
      "geometry": {
        "type": "Polygon",
        "coordinates": [
          [
            [14.56441, 53.448132],
            [14.56452, 53.448145],
            [14.564656, 53.448157],
            [14.564743, 53.448157],
            [14.564822, 53.448149],
            [14.564925, 53.448127],
            [14.565021, 53.448094],
            [14.565148, 53.448036],
            [14.565231, 53.447979],
            [14.565314, 53.447909],
            [14.565357, 53.447876],
            [14.565384, 53.447862],
            [14.565463, 53.447848],
            [14.565534, 53.447824],
            [14.565626, 53.447816],
            [14.565742, 53.447816],
            [14.565856, 53.447833],
            [14.565943, 53.447863],
            [14.566215, 53.447982],
            [14.566478, 53.448135],
            [14.566455, 53.448658],
            [14.565434, 53.448678],
            [14.565422, 53.448609],
            [14.565059, 53.448575],
            [14.564899, 53.448533],
            [14.564735, 53.448533],
            [14.564464, 53.448511],
            [14.564358, 53.448486],
            [14.564214, 53.448461],
            [14.564183, 53.448367],
            [14.564206, 53.448224],
            [14.56432, 53.448164],
            [14.56441, 53.448132]
          ]
        ]
      },
      "properties": { "k": "park" }
    },
    {
      "type": "Feature",
      "geometry": {
        "type": "Polygon",
        "coordinates": [
          [
            [14.565527, 53.447593],
            [14.565472, 53.447563],
            [14.565527, 53.447526],
            [14.565895, 53.447541],
            [14.566358, 53.447602],
            [14.566763, 53.447667],
            [14.566654, 53.447745],
            [14.566452, 53.447743],
            [14.566252, 53.447723],
            [14.565957, 53.447673],
            [14.565797, 53.447685],
            [14.565527, 53.447593]
          ]
        ]
      },
      "properties": { "k": "forest" }
    },
    {
      "type": "Feature",
      "geometry": {
        "type": "Polygon",
        "coordinates": [
          [
            [14.532992, 53.4146],
            [14.534807, 53.413948],
            [14.534808, 53.413946],
            [14.535241, 53.414321],
            [14.535246, 53.414408],
            [14.535002, 53.414629],
            [14.534393, 53.414878],
            [14.534088, 53.414977],
            [14.533548, 53.414985],
            [14.533051, 53.414986],
            [14.532992, 53.4146]
          ]
        ]
      },
      "properties": { "k": "green" }
    },
    {
      "type": "Feature",
      "geometry": {
        "type": "Polygon",
        "coordinates": [
          [
            [14.531299, 53.450573],
            [14.531648, 53.450456],
            [14.534905, 53.449364],
            [14.535283, 53.44975],
            [14.535474, 53.449978],
            [14.535485, 53.450091],
            [14.535453, 53.450303],
            [14.535377, 53.450802],
            [14.535342, 53.450856],
            [14.535303, 53.450872],
            [14.534737, 53.450784],
            [14.534583, 53.45079],
            [14.533584, 53.45087],
            [14.533098, 53.450881],
            [14.532685, 53.450857],
            [14.532335, 53.450798],
            [14.531907, 53.450728],
            [14.531299, 53.450573]
          ]
        ]
      },
      "properties": { "k": "green" }
    },
    {
      "type": "Feature",
      "geometry": {
        "type": "Polygon",
        "coordinates": [
          [
            [14.561069, 53.44867],
            [14.560734, 53.448327],
            [14.559765, 53.448428],
            [14.559702, 53.448264],
            [14.560161, 53.448177],
            [14.560502, 53.448088],
            [14.560639, 53.448072],
            [14.560935, 53.448036],
            [14.560968, 53.448004],
            [14.561903, 53.447867],
            [14.562539, 53.447794],
            [14.562566, 53.447902],
            [14.562029, 53.448129],
            [14.561791, 53.448313],
            [14.56174, 53.448376],
            [14.561648, 53.448502],
            [14.561069, 53.44867]
          ]
        ]
      },
      "properties": { "k": "green" }
    },
    {
      "type": "Feature",
      "geometry": {
        "type": "Polygon",
        "coordinates": [
          [
            [14.553335, 53.450306],
            [14.55281, 53.450374],
            [14.552803, 53.450353],
            [14.552563, 53.450383],
            [14.552507, 53.450411],
            [14.551942, 53.450481],
            [14.551898, 53.450463],
            [14.551744, 53.450481],
            [14.551757, 53.450523],
            [14.550465, 53.450675],
            [14.550524, 53.450854],
            [14.550637, 53.45084],
            [14.550647, 53.450873],
            [14.550638, 53.450882],
            [14.550623, 53.450885],
            [14.550537, 53.450891],
            [14.550519, 53.450886],
            [14.550509, 53.45088],
            [14.550482, 53.450805],
            [14.550471, 53.45079],
            [14.550456, 53.450787],
            [14.550427, 53.450788],
            [14.550344, 53.450794],
            [14.550336, 53.450683],
            [14.550306, 53.45035],
            [14.550292, 53.450252],
            [14.550288, 53.450202],
            [14.5503, 53.450181],
            [14.55032, 53.450161],
            [14.550349, 53.45015],
            [14.550371, 53.450143],
            [14.550397, 53.450139],
            [14.550462, 53.450132],
            [14.551993, 53.449966],
            [14.552772, 53.44988],
            [14.553017, 53.449853],
            [14.553039, 53.449851],
            [14.553061, 53.449852],
            [14.553082, 53.449855],
            [14.553102, 53.449859],
            [14.553119, 53.449866],
            [14.553138, 53.449874],
            [14.553152, 53.449885],
            [14.553161, 53.449895],
            [14.553206, 53.44989],
            [14.55322, 53.449907],
            [14.553326, 53.450019],
            [14.55341, 53.450228],
            [14.553412, 53.450245],
            [14.553405, 53.450261],
            [14.553392, 53.450276],
            [14.553376, 53.45029],
            [14.553353, 53.450301],
            [14.553335, 53.450306]
          ]
        ]
      },
      "properties": { "k": "forest" }
    },
    {
      "type": "Feature",
      "geometry": {
        "type": "Polygon",
        "coordinates": [
          [
            [14.568782, 53.450113],
            [14.568715, 53.449678],
            [14.568572, 53.449195],
            [14.568547, 53.449159],
            [14.568563, 53.449114],
            [14.568567, 53.44902],
            [14.568596, 53.449012],
            [14.568592, 53.44898],
            [14.569041, 53.448979],
            [14.569332, 53.449246],
            [14.569811, 53.449971],
            [14.570001, 53.450103],
            [14.568782, 53.450113]
          ]
        ]
      },
      "properties": { "k": "green" }
    },
    {
      "type": "Feature",
      "geometry": {
        "type": "Polygon",
        "coordinates": [
          [
            [14.574679, 53.41721],
            [14.574542, 53.417252],
            [14.574512, 53.417262],
            [14.574445, 53.417183],
            [14.574394, 53.41706],
            [14.574323, 53.416923],
            [14.574302, 53.416927],
            [14.574186, 53.416612],
            [14.574173, 53.416567],
            [14.574169, 53.416534],
            [14.574172, 53.416502],
            [14.574191, 53.416456],
            [14.57422, 53.416407],
            [14.574248, 53.41638],
            [14.574305, 53.416331],
            [14.574423, 53.41628],
            [14.57531, 53.415927],
            [14.57545, 53.416219],
            [14.575587, 53.416488],
            [14.575425, 53.416517],
            [14.575269, 53.416551],
            [14.575275, 53.416616],
            [14.575293, 53.416737],
            [14.575299, 53.416791],
            [14.575288, 53.416847],
            [14.575264, 53.416892],
            [14.575077, 53.417077],
            [14.574963, 53.417119],
            [14.574913, 53.417135],
            [14.574679, 53.41721]
          ]
        ]
      },
      "properties": { "k": "green" }
    },
    {
      "type": "Feature",
      "geometry": {
        "type": "Polygon",
        "coordinates": [
          [
            [14.559461, 53.448568],
            [14.559621, 53.44873],
            [14.559645, 53.448827],
            [14.55936, 53.448849],
            [14.558108, 53.448965],
            [14.55726, 53.449041],
            [14.556489, 53.449114],
            [14.556432, 53.449106],
            [14.556384, 53.449111],
            [14.556369, 53.449125],
            [14.556163, 53.44914],
            [14.555249, 53.449432],
            [14.554562, 53.449583],
            [14.554139, 53.449631],
            [14.554086, 53.44951],
            [14.554525, 53.449392],
            [14.554695, 53.449314],
            [14.554987, 53.44924],
            [14.555371, 53.449182],
            [14.555428, 53.4492],
            [14.555553, 53.449181],
            [14.556256, 53.449064],
            [14.556375, 53.449009],
            [14.556511, 53.44899],
            [14.55673, 53.448951],
            [14.556896, 53.449018],
            [14.557041, 53.449006],
            [14.557092, 53.448931],
            [14.557237, 53.448913],
            [14.557338, 53.448853],
            [14.558046, 53.448828],
            [14.558455, 53.448772],
            [14.558681, 53.448718],
            [14.55902, 53.44864],
            [14.559461, 53.448568]
          ]
        ]
      },
      "properties": { "k": "green" }
    },
    {
      "type": "Feature",
      "geometry": {
        "type": "Polygon",
        "coordinates": [
          [
            [14.544204, 53.417376],
            [14.544014, 53.416882],
            [14.544855, 53.416793],
            [14.545124, 53.417536],
            [14.544884, 53.417587],
            [14.544763, 53.417298],
            [14.544204, 53.417376]
          ]
        ]
      },
      "properties": { "k": "forest" }
    },
    {
      "type": "Feature",
      "geometry": {
        "type": "Polygon",
        "coordinates": [
          [
            [14.577519, 53.41043],
            [14.577426, 53.410377],
            [14.577523, 53.410118],
            [14.577587, 53.409725],
            [14.57755, 53.40898],
            [14.577518, 53.408174],
            [14.577625, 53.407739],
            [14.577657, 53.407624],
            [14.577915, 53.407835],
            [14.578177, 53.407813],
            [14.578628, 53.407707],
            [14.578864, 53.407579],
            [14.57895, 53.407362],
            [14.579175, 53.407448],
            [14.579529, 53.407416],
            [14.579663, 53.407375],
            [14.578687, 53.408574],
            [14.578263, 53.409214],
            [14.57817, 53.409193],
            [14.578115, 53.409272],
            [14.578208, 53.409302],
            [14.577753, 53.410123],
            [14.577519, 53.41043]
          ]
        ]
      },
      "properties": { "k": "green" }
    },
    {
      "type": "Feature",
      "geometry": {
        "type": "Polygon",
        "coordinates": [
          [
            [14.562947, 53.414667],
            [14.563524, 53.414604],
            [14.563641, 53.4145],
            [14.563802, 53.414478],
            [14.563825, 53.414549],
            [14.563829, 53.414588],
            [14.563717, 53.414744],
            [14.563263, 53.415193],
            [14.563181, 53.415162],
            [14.562947, 53.414997],
            [14.562543, 53.415103],
            [14.562447, 53.415067],
            [14.561982, 53.415144],
            [14.561401, 53.415215],
            [14.561312, 53.415156],
            [14.562172, 53.414825],
            [14.562315, 53.41477],
            [14.562502, 53.414818],
            [14.562947, 53.414667]
          ]
        ]
      },
      "properties": { "k": "green" }
    },
    {
      "type": "Feature",
      "geometry": {
        "type": "Polygon",
        "coordinates": [
          [
            [14.557948, 53.411745],
            [14.557835, 53.411621],
            [14.557697, 53.410902],
            [14.557565, 53.410287],
            [14.557723, 53.410337],
            [14.558053, 53.410429],
            [14.558204, 53.411175],
            [14.55825, 53.411461],
            [14.558138, 53.411572],
            [14.55808, 53.411641],
            [14.557948, 53.411745]
          ]
        ]
      },
      "properties": { "k": "green" }
    },
    {
      "type": "Feature",
      "geometry": {
        "type": "Polygon",
        "coordinates": [
          [
            [14.555254, 53.405389],
            [14.555109, 53.404766],
            [14.555158, 53.404586],
            [14.555442, 53.4045],
            [14.555829, 53.404538],
            [14.556086, 53.404426],
            [14.556108, 53.404308],
            [14.555984, 53.40418],
            [14.55585, 53.40393],
            [14.55625, 53.403836],
            [14.556595, 53.403757],
            [14.556717, 53.40393],
            [14.556548, 53.40402],
            [14.556678, 53.40431],
            [14.556843, 53.404558],
            [14.556943, 53.404897],
            [14.557054, 53.405335],
            [14.557158, 53.405758],
            [14.557306, 53.406451],
            [14.5575, 53.407367],
            [14.557613, 53.407899],
            [14.557759, 53.408619],
            [14.557832, 53.40897],
            [14.557876, 53.409152],
            [14.558016, 53.409762],
            [14.557938, 53.409917],
            [14.557763, 53.410113],
            [14.557723, 53.410337],
            [14.557565, 53.410287],
            [14.557446, 53.409735],
            [14.557315, 53.409465],
            [14.557354, 53.409366],
            [14.557315, 53.409138],
            [14.557223, 53.408958],
            [14.557082, 53.408775],
            [14.557266, 53.40864],
            [14.557308, 53.408507],
            [14.557273, 53.408344],
            [14.557142, 53.407872],
            [14.557075, 53.407524],
            [14.557047, 53.407284],
            [14.557036, 53.407188],
            [14.556905, 53.406939],
            [14.556908, 53.40672],
            [14.556866, 53.406488],
            [14.55671, 53.406152],
            [14.556685, 53.405929],
            [14.556724, 53.405654],
            [14.556661, 53.405462],
            [14.556554, 53.40526],
            [14.556137, 53.405235],
            [14.555254, 53.405389]
          ]
        ]
      },
      "properties": { "k": "green" }
    },
    {
      "type": "Feature",
      "geometry": {
        "type": "Polygon",
        "coordinates": [
          [
            [14.566037, 53.447398],
            [14.56554, 53.447349],
            [14.565546, 53.447295],
            [14.565891, 53.447294],
            [14.566048, 53.447296],
            [14.566639, 53.447375],
            [14.567416, 53.447514],
            [14.567645, 53.447609],
            [14.567969, 53.447743],
            [14.568167, 53.447832],
            [14.568118, 53.447867],
            [14.568318, 53.447961],
            [14.568549, 53.448113],
            [14.56846, 53.448165],
            [14.568216, 53.448033],
            [14.567952, 53.4479],
            [14.567644, 53.447777],
            [14.567161, 53.447617],
            [14.566845, 53.447538],
            [14.566273, 53.447442],
            [14.566037, 53.447398]
          ]
        ]
      },
      "properties": { "k": "forest" }
    },
    {
      "type": "Feature",
      "geometry": {
        "type": "Polygon",
        "coordinates": [
          [
            [14.560389, 53.428002],
            [14.560253, 53.42786],
            [14.560047, 53.427733],
            [14.560005, 53.427724],
            [14.560314, 53.42769],
            [14.561081, 53.427582],
            [14.561359, 53.42754],
            [14.561488, 53.427691],
            [14.561491, 53.427728],
            [14.561428, 53.42774],
            [14.561023, 53.427807],
            [14.560726, 53.427859],
            [14.560389, 53.428002]
          ]
        ]
      },
      "properties": { "k": "green" }
    },
    {
      "type": "Feature",
      "geometry": {
        "type": "Polygon",
        "coordinates": [
          [
            [14.570307, 53.442237],
            [14.570018, 53.442237],
            [14.569758, 53.44222],
            [14.569237, 53.441883],
            [14.56927, 53.441854],
            [14.569941, 53.441769],
            [14.570173, 53.441733],
            [14.570282, 53.441672],
            [14.571347, 53.441534],
            [14.57136, 53.441559],
            [14.570486, 53.442147],
            [14.570307, 53.442237]
          ]
        ]
      },
      "properties": { "k": "forest" }
    },
    {
      "type": "Feature",
      "geometry": {
        "type": "Polygon",
        "coordinates": [
          [
            [14.561237, 53.441211],
            [14.561248, 53.441408],
            [14.561173, 53.441658],
            [14.56067, 53.44161],
            [14.56067, 53.441738],
            [14.56029, 53.44174],
            [14.56014, 53.440889],
            [14.560237, 53.440888],
            [14.561056, 53.440873],
            [14.561113, 53.440987],
            [14.561237, 53.441211]
          ]
        ]
      },
      "properties": { "k": "green" }
    },
    {
      "type": "Feature",
      "geometry": {
        "type": "Polygon",
        "coordinates": [
          [
            [14.557036, 53.407188],
            [14.557047, 53.407284],
            [14.557166, 53.407853],
            [14.557329, 53.40843],
            [14.557344, 53.408614],
            [14.557295, 53.408667],
            [14.557073, 53.408676],
            [14.556962, 53.408619],
            [14.556956, 53.4085],
            [14.556888, 53.408257],
            [14.556885, 53.408087],
            [14.556716, 53.407835],
            [14.556577, 53.407559],
            [14.556639, 53.407403],
            [14.556586, 53.407242],
            [14.556873, 53.407172],
            [14.557036, 53.407188]
          ]
        ]
      },
      "properties": { "k": "forest" }
    },
    {
      "type": "Feature",
      "geometry": {
        "type": "Polygon",
        "coordinates": [
          [
            [14.556432, 53.409741],
            [14.55634, 53.409714],
            [14.556288, 53.409532],
            [14.556183, 53.409043],
            [14.556146, 53.408849],
            [14.556232, 53.408742],
            [14.556445, 53.408689],
            [14.55674, 53.408623],
            [14.556898, 53.408627],
            [14.557079, 53.408735],
            [14.557224, 53.408909],
            [14.557329, 53.409031],
            [14.557378, 53.409286],
            [14.557375, 53.409398],
            [14.557483, 53.409576],
            [14.557538, 53.40965],
            [14.557461, 53.409695],
            [14.557184, 53.409626],
            [14.556888, 53.409662],
            [14.556432, 53.409741]
          ]
        ]
      },
      "properties": { "k": "forest" }
    },
    {
      "type": "Feature",
      "geometry": {
        "type": "Polygon",
        "coordinates": [
          [
            [14.534634, 53.412188],
            [14.535021, 53.41203],
            [14.536012, 53.412514],
            [14.536187, 53.4126],
            [14.535877, 53.412826],
            [14.53577, 53.412762],
            [14.535448, 53.412808],
            [14.535265, 53.412789],
            [14.535112, 53.412794],
            [14.534975, 53.412569],
            [14.534941, 53.412523],
            [14.534877, 53.412447],
            [14.534634, 53.412188]
          ]
        ]
      },
      "properties": { "k": "green" }
    },
    {
      "type": "Feature",
      "geometry": {
        "type": "Polygon",
        "coordinates": [
          [
            [14.535905, 53.412248],
            [14.535174, 53.411899],
            [14.535699, 53.411646],
            [14.535629, 53.411602],
            [14.535884, 53.411527],
            [14.53596, 53.411604],
            [14.536173, 53.411578],
            [14.536205, 53.411591],
            [14.536282, 53.411669],
            [14.536276, 53.411684],
            [14.536368, 53.411781],
            [14.536389, 53.41182],
            [14.536394, 53.411856],
            [14.536291, 53.411946],
            [14.536277, 53.411955],
            [14.536285, 53.41196],
            [14.535905, 53.412248]
          ]
        ]
      },
      "properties": { "k": "green" }
    },
    {
      "type": "Feature",
      "geometry": {
        "type": "Polygon",
        "coordinates": [
          [
            [14.593072, 53.412252],
            [14.592969, 53.411606],
            [14.592741, 53.411126],
            [14.592003, 53.411299],
            [14.591616, 53.410978],
            [14.592, 53.410738],
            [14.591998, 53.410685],
            [14.592044, 53.410605],
            [14.592097, 53.410559],
            [14.59301, 53.410913],
            [14.5937, 53.411206],
            [14.594153, 53.411398],
            [14.595027, 53.4117],
            [14.595169, 53.411848],
            [14.595197, 53.411985],
            [14.595003, 53.411972],
            [14.594896, 53.411943],
            [14.594606, 53.411837],
            [14.59433, 53.411854],
            [14.594146, 53.411871],
            [14.594079, 53.411829],
            [14.594005, 53.411649],
            [14.593799, 53.411609],
            [14.593718, 53.41174],
            [14.593757, 53.411926],
            [14.593824, 53.412033],
            [14.594097, 53.412132],
            [14.594155, 53.412209],
            [14.593072, 53.412252]
          ]
        ]
      },
      "properties": { "k": "forest" }
    },
    {
      "type": "Feature",
      "geometry": {
        "type": "Polygon",
        "coordinates": [
          [
            [14.580192, 53.410829],
            [14.578683, 53.411415],
            [14.578265, 53.411014],
            [14.579171, 53.410418],
            [14.580192, 53.410829]
          ]
        ]
      },
      "properties": { "k": "green" }
    },
    {
      "type": "Feature",
      "geometry": {
        "type": "Polygon",
        "coordinates": [
          [
            [14.539289, 53.443242],
            [14.541031, 53.443858],
            [14.542253, 53.443762],
            [14.542586, 53.443481],
            [14.543584, 53.443762],
            [14.543691, 53.443855],
            [14.543578, 53.443963],
            [14.543566, 53.444096],
            [14.543486, 53.444106],
            [14.543436, 53.444127],
            [14.543353, 53.444225],
            [14.543108, 53.44424],
            [14.54274, 53.444257],
            [14.542426, 53.444285],
            [14.542133, 53.444345],
            [14.541784, 53.444429],
            [14.540969, 53.444571],
            [14.540981, 53.444527],
            [14.541777, 53.444391],
            [14.541719, 53.444252],
            [14.541117, 53.444196],
            [14.54078, 53.44412],
            [14.540492, 53.444112],
            [14.540345, 53.444164],
            [14.540425, 53.444566],
            [14.540356, 53.444573],
            [14.540248, 53.44452],
            [14.540254, 53.444478],
            [14.540245, 53.444356],
            [14.540232, 53.44416],
            [14.540207, 53.444082],
            [14.540166, 53.444068],
            [14.540166, 53.444027],
            [14.539795, 53.44405],
            [14.539552, 53.444024],
            [14.539114, 53.444131],
            [14.538836, 53.44419],
            [14.538816, 53.444091],
            [14.538967, 53.443939],
            [14.539108, 53.443905],
            [14.539149, 53.443816],
            [14.53931, 53.443621],
            [14.539216, 53.443433],
            [14.539289, 53.443242]
          ]
        ]
      },
      "properties": { "k": "forest" }
    },
    {
      "type": "Feature",
      "geometry": {
        "type": "Polygon",
        "coordinates": [
          [
            [14.53772, 53.443544],
            [14.53807, 53.443503],
            [14.538244, 53.443529],
            [14.538414, 53.443584],
            [14.538497, 53.443705],
            [14.538481, 53.443895],
            [14.538354, 53.444043],
            [14.538315, 53.444163],
            [14.538125, 53.444271],
            [14.537963, 53.444313],
            [14.537945, 53.444251],
            [14.538004, 53.444067],
            [14.537833, 53.444044],
            [14.537608, 53.444022],
            [14.537426, 53.443917],
            [14.537387, 53.443719],
            [14.53772, 53.443544]
          ]
        ]
      },
      "properties": { "k": "forest" }
    },
    {
      "type": "Feature",
      "geometry": {
        "type": "Polygon",
        "coordinates": [
          [
            [14.539288, 53.441902],
            [14.538307, 53.442894],
            [14.538915, 53.44311],
            [14.538864, 53.44321],
            [14.538708, 53.44325],
            [14.538273, 53.443277],
            [14.538097, 53.443209],
            [14.537829, 53.443207],
            [14.537616, 53.443109],
            [14.537809, 53.443042],
            [14.537961, 53.442979],
            [14.538062, 53.442911],
            [14.538173, 53.442799],
            [14.538364, 53.442596],
            [14.538613, 53.442354],
            [14.538927, 53.442064],
            [14.539032, 53.441916],
            [14.539102, 53.441895],
            [14.539186, 53.441884],
            [14.539233, 53.441886],
            [14.539288, 53.441902]
          ]
        ]
      },
      "properties": { "k": "forest" }
    },
    {
      "type": "Feature",
      "geometry": {
        "type": "Polygon",
        "coordinates": [
          [
            [14.536391, 53.44314],
            [14.536268, 53.443156],
            [14.536274, 53.44328],
            [14.536205, 53.443332],
            [14.536125, 53.443446],
            [14.535981, 53.443531],
            [14.535809, 53.443532],
            [14.53562, 53.443551],
            [14.535491, 53.443596],
            [14.535634, 53.44368],
            [14.535797, 53.443762],
            [14.53598, 53.443767],
            [14.536509, 53.443586],
            [14.53667, 53.443578],
            [14.53674, 53.443638],
            [14.536827, 53.443712],
            [14.536897, 53.443772],
            [14.537073, 53.443915],
            [14.53705, 53.443983],
            [14.537388, 53.444184],
            [14.537303, 53.444273],
            [14.537141, 53.44426],
            [14.536938, 53.444105],
            [14.536753, 53.444119],
            [14.536537, 53.444045],
            [14.536387, 53.44407],
            [14.536251, 53.44426],
            [14.536276, 53.444368],
            [14.536445, 53.444501],
            [14.536524, 53.44463],
            [14.536428, 53.444738],
            [14.536446, 53.44487],
            [14.536453, 53.44496],
            [14.536126, 53.445074],
            [14.535764, 53.445104],
            [14.535595, 53.445007],
            [14.53557, 53.444896],
            [14.535819, 53.444689],
            [14.535998, 53.444586],
            [14.536042, 53.444464],
            [14.535971, 53.444383],
            [14.535783, 53.44435],
            [14.535649, 53.444264],
            [14.535475, 53.444286],
            [14.535352, 53.444434],
            [14.535095, 53.444598],
            [14.535004, 53.444706],
            [14.53514, 53.444854],
            [14.535427, 53.444932],
            [14.535443, 53.445011],
            [14.53543, 53.445132],
            [14.535064, 53.445235],
            [14.534798, 53.445151],
            [14.534533, 53.445051],
            [14.534068, 53.444997],
            [14.533823, 53.444902],
            [14.533513, 53.444812],
            [14.53327, 53.444698],
            [14.533202, 53.444717],
            [14.533197, 53.444884],
            [14.533035, 53.444906],
            [14.532921, 53.444865],
            [14.532879, 53.44477],
            [14.532959, 53.444699],
            [14.533115, 53.444693],
            [14.533138, 53.444627],
            [14.532632, 53.444615],
            [14.53213, 53.444618],
            [14.532069, 53.444661],
            [14.531848, 53.445288],
            [14.531755, 53.445411],
            [14.531675, 53.445389],
            [14.531607, 53.445349],
            [14.531554, 53.445237],
            [14.53148, 53.445105],
            [14.531189, 53.445068],
            [14.531239, 53.444856],
            [14.531168, 53.444793],
            [14.531193, 53.44467],
            [14.5315, 53.444542],
            [14.531612, 53.444458],
            [14.531533, 53.444295],
            [14.531266, 53.44434],
            [14.531185, 53.444447],
            [14.530867, 53.444372],
            [14.530819, 53.444353],
            [14.530566, 53.444321],
            [14.530464, 53.444278],
            [14.534275, 53.442158],
            [14.534405, 53.442224],
            [14.53498, 53.442541],
            [14.535012, 53.4426],
            [14.535083, 53.442667],
            [14.535915, 53.443028],
            [14.536007, 53.443062],
            [14.536099, 53.443068],
            [14.536391, 53.44314]
          ]
        ]
      },
      "properties": { "k": "forest" }
    },
    {
      "type": "Feature",
      "geometry": {
        "type": "Polygon",
        "coordinates": [
          [
            [14.533815, 53.441926],
            [14.534055, 53.441867],
            [14.534673, 53.441794],
            [14.534839, 53.441786],
            [14.53527, 53.441797],
            [14.535293, 53.441802],
            [14.535506, 53.441914],
            [14.537203, 53.442519],
            [14.537218, 53.442511],
            [14.5376, 53.442126],
            [14.537786, 53.441939],
            [14.537877, 53.441847],
            [14.537971, 53.441753],
            [14.538113, 53.44161],
            [14.538171, 53.44163],
            [14.53824, 53.441696],
            [14.538098, 53.441885],
            [14.537901, 53.442047],
            [14.537718, 53.442145],
            [14.537587, 53.442311],
            [14.537528, 53.442436],
            [14.537348, 53.442575],
            [14.537207, 53.442598],
            [14.53714, 53.442694],
            [14.537179, 53.442813],
            [14.537122, 53.442921],
            [14.537184, 53.442993],
            [14.537201, 53.443054],
            [14.537013, 53.443098],
            [14.536703, 53.443134],
            [14.536391, 53.44314],
            [14.536099, 53.443068],
            [14.536244, 53.443036],
            [14.536378, 53.44299],
            [14.536548, 53.442914],
            [14.536699, 53.442795],
            [14.536863, 53.442638],
            [14.536863, 53.442618],
            [14.536849, 53.4426],
            [14.536785, 53.442577],
            [14.535504, 53.442153],
            [14.535447, 53.442147],
            [14.535409, 53.442155],
            [14.535048, 53.442425],
            [14.53498, 53.442486],
            [14.53498, 53.442541],
            [14.534405, 53.442224],
            [14.534616, 53.442214],
            [14.534842, 53.442186],
            [14.534966, 53.442107],
            [14.534917, 53.441961],
            [14.534813, 53.441911],
            [14.53456, 53.441889],
            [14.534337, 53.441942],
            [14.534362, 53.442031],
            [14.53446, 53.442136],
            [14.534275, 53.442158],
            [14.533815, 53.441926]
          ]
        ]
      },
      "properties": { "k": "forest" }
    },
    {
      "type": "Feature",
      "geometry": {
        "type": "Polygon",
        "coordinates": [
          [
            [14.56763, 53.445967],
            [14.567868, 53.446277],
            [14.567687, 53.446316],
            [14.567573, 53.446341],
            [14.567424, 53.446372],
            [14.56729, 53.446402],
            [14.566973, 53.446519],
            [14.566075, 53.446672],
            [14.565481, 53.446775],
            [14.565448, 53.446528],
            [14.56763, 53.445967]
          ]
        ]
      },
      "properties": { "k": "forest" }
    },
    {
      "type": "Feature",
      "geometry": {
        "type": "Polygon",
        "coordinates": [
          [
            [14.541914, 53.4368],
            [14.54196, 53.436746],
            [14.541883, 53.436718],
            [14.542132, 53.436467],
            [14.542223, 53.436497],
            [14.542261, 53.43657],
            [14.542284, 53.436598],
            [14.542312, 53.436614],
            [14.542356, 53.436635],
            [14.542381, 53.436648],
            [14.542389, 53.436662],
            [14.542388, 53.436689],
            [14.542224, 53.436847],
            [14.542191, 53.436866],
            [14.542141, 53.436875],
            [14.542101, 53.436872],
            [14.541914, 53.4368]
          ]
        ]
      },
      "properties": { "k": "green" }
    },
    {
      "type": "Feature",
      "geometry": {
        "type": "Polygon",
        "coordinates": [
          [
            [14.540235, 53.40943],
            [14.539807, 53.409411],
            [14.539775, 53.409297],
            [14.5399, 53.409146],
            [14.540667, 53.408896],
            [14.54092, 53.409149],
            [14.540845, 53.409171],
            [14.540663, 53.409225],
            [14.540235, 53.40943]
          ]
        ]
      },
      "properties": { "k": "forest" }
    },
    {
      "type": "Feature",
      "geometry": {
        "type": "Polygon",
        "coordinates": [
          [
            [14.542043, 53.408887],
            [14.541591, 53.408841],
            [14.541487, 53.408803],
            [14.541341, 53.408767],
            [14.541261, 53.408805],
            [14.541319, 53.408923],
            [14.541204, 53.408977],
            [14.541045, 53.409015],
            [14.540879, 53.408881],
            [14.540704, 53.408686],
            [14.540424, 53.408476],
            [14.540295, 53.40831],
            [14.540341, 53.408267],
            [14.540612, 53.408161],
            [14.540863, 53.408119],
            [14.541345, 53.408563],
            [14.541492, 53.4087],
            [14.541561, 53.408757],
            [14.54165, 53.408782],
            [14.541817, 53.408794],
            [14.542022, 53.40881],
            [14.54207, 53.40885],
            [14.542043, 53.408887]
          ]
        ]
      },
      "properties": { "k": "forest" }
    },
    {
      "type": "Feature",
      "geometry": {
        "type": "Polygon",
        "coordinates": [
          [
            [14.569799, 53.434492],
            [14.569782, 53.434449],
            [14.569625, 53.434046],
            [14.569474, 53.43366],
            [14.569636, 53.433661],
            [14.569669, 53.433665],
            [14.569765, 53.433689],
            [14.569854, 53.433723],
            [14.570352, 53.433985],
            [14.570473, 53.434052],
            [14.57056, 53.434103],
            [14.570688, 53.4342],
            [14.570034, 53.434539],
            [14.569799, 53.434492]
          ]
        ]
      },
      "properties": { "k": "park" }
    },
    {
      "type": "Feature",
      "geometry": {
        "type": "Polygon",
        "coordinates": [
          [
            [14.571052, 53.43695],
            [14.57121, 53.436944],
            [14.571524, 53.436936],
            [14.571526, 53.436958],
            [14.571544, 53.436958],
            [14.571552, 53.437375],
            [14.571558, 53.437463],
            [14.571033, 53.437344],
            [14.571039, 53.437331],
            [14.571307, 53.437393],
            [14.571397, 53.437259],
            [14.571328, 53.437242],
            [14.571309, 53.437265],
            [14.57128, 53.437257],
            [14.571289, 53.437246],
            [14.571231, 53.43723],
            [14.571221, 53.437244],
            [14.571117, 53.437219],
            [14.571086, 53.437263],
            [14.571052, 53.43695]
          ]
        ]
      },
      "properties": { "k": "park" }
    },
    {
      "type": "Feature",
      "geometry": {
        "type": "Polygon",
        "coordinates": [
          [
            [14.569361, 53.428748],
            [14.568974, 53.428405],
            [14.568748, 53.428266],
            [14.568571, 53.428107],
            [14.568583, 53.427968],
            [14.568627, 53.427719],
            [14.568634, 53.427683],
            [14.568709, 53.42732],
            [14.568986, 53.427312],
            [14.569403, 53.42748],
            [14.569589, 53.427585],
            [14.569557, 53.427604],
            [14.569607, 53.427629],
            [14.569526, 53.427688],
            [14.569477, 53.427665],
            [14.56936, 53.427763],
            [14.569405, 53.427784],
            [14.569358, 53.427822],
            [14.569687, 53.427993],
            [14.569805, 53.428044],
            [14.569922, 53.428087],
            [14.57003, 53.428126],
            [14.570129, 53.428174],
            [14.570195, 53.428216],
            [14.570274, 53.428267],
            [14.57037, 53.428321],
            [14.570436, 53.428351],
            [14.570522, 53.428382],
            [14.570638, 53.42842],
            [14.570757, 53.428463],
            [14.570845, 53.428504],
            [14.570943, 53.428555],
            [14.570989, 53.428601],
            [14.571003, 53.428641],
            [14.570999, 53.428677],
            [14.570961, 53.428765],
            [14.569361, 53.428748]
          ]
        ]
      },
      "properties": { "k": "green" }
    },
    {
      "type": "Feature",
      "geometry": {
        "type": "Polygon",
        "coordinates": [
          [
            [14.548799, 53.436635],
            [14.549065, 53.436664],
            [14.549033, 53.436775],
            [14.548982, 53.43677],
            [14.54899, 53.436741],
            [14.548969, 53.436739],
            [14.548965, 53.436752],
            [14.548946, 53.43675],
            [14.548949, 53.436737],
            [14.548926, 53.436735],
            [14.548922, 53.436748],
            [14.548901, 53.436746],
            [14.548898, 53.436758],
            [14.548875, 53.436756],
            [14.548878, 53.436743],
            [14.548856, 53.436741],
            [14.54886, 53.436729],
            [14.548839, 53.436727],
            [14.548832, 53.436751],
            [14.54881, 53.436748],
            [14.548813, 53.436736],
            [14.548793, 53.436734],
            [14.548796, 53.436722],
            [14.548775, 53.43672],
            [14.548799, 53.436635]
          ]
        ]
      },
      "properties": { "k": "green" }
    },
    {
      "type": "Feature",
      "geometry": {
        "type": "Polygon",
        "coordinates": [
          [
            [14.548597, 53.436613],
            [14.54875, 53.43663],
            [14.548724, 53.43672],
            [14.548683, 53.436716],
            [14.548677, 53.436735],
            [14.548655, 53.436733],
            [14.548658, 53.43672],
            [14.548633, 53.436718],
            [14.548636, 53.436707],
            [14.548619, 53.436705],
            [14.548615, 53.436719],
            [14.548587, 53.436717],
            [14.548591, 53.436702],
            [14.548571, 53.4367],
            [14.548597, 53.436613]
          ]
        ]
      },
      "properties": { "k": "green" }
    },
    {
      "type": "Feature",
      "geometry": {
        "type": "Polygon",
        "coordinates": [
          [
            [14.54784, 53.436618],
            [14.54786, 53.436539],
            [14.547894, 53.436527],
            [14.548466, 53.436598],
            [14.548436, 53.436699],
            [14.548412, 53.436697],
            [14.548414, 53.436688],
            [14.548372, 53.436683],
            [14.548368, 53.436694],
            [14.548344, 53.436692],
            [14.548341, 53.436704],
            [14.548319, 53.436701],
            [14.548323, 53.436689],
            [14.548302, 53.436687],
            [14.548306, 53.436673],
            [14.54828, 53.43667],
            [14.548276, 53.436685],
            [14.548256, 53.436683],
            [14.54826, 53.436667],
            [14.54824, 53.436665],
            [14.548236, 53.43668],
            [14.548216, 53.436678],
            [14.548212, 53.436691],
            [14.548187, 53.436688],
            [14.548194, 53.436661],
            [14.548173, 53.436659],
            [14.548169, 53.436674],
            [14.548151, 53.436672],
            [14.548155, 53.436657],
            [14.548131, 53.436655],
            [14.548122, 53.436684],
            [14.548098, 53.436681],
            [14.548102, 53.436665],
            [14.548079, 53.436663],
            [14.548083, 53.43665],
            [14.548043, 53.436646],
            [14.548045, 53.436639],
            [14.54784, 53.436618]
          ]
        ]
      },
      "properties": { "k": "green" }
    },
    {
      "type": "Feature",
      "geometry": {
        "type": "Polygon",
        "coordinates": [
          [
            [14.547972, 53.436887],
            [14.547828, 53.436873],
            [14.547816, 53.436871],
            [14.547798, 53.43687],
            [14.547769, 53.436867],
            [14.547816, 53.436705],
            [14.548018, 53.436725],
            [14.547972, 53.436887]
          ]
        ]
      },
      "properties": { "k": "green" }
    },
    {
      "type": "Feature",
      "geometry": {
        "type": "Polygon",
        "coordinates": [
          [
            [14.547998, 53.436889],
            [14.548004, 53.436869],
            [14.548401, 53.43691],
            [14.548405, 53.436896],
            [14.548429, 53.436898],
            [14.548425, 53.43691],
            [14.548449, 53.436913],
            [14.548484, 53.436788],
            [14.548526, 53.436792],
            [14.548484, 53.436939],
            [14.547998, 53.436889]
          ]
        ]
      },
      "properties": { "k": "green" }
    },
    {
      "type": "Feature",
      "geometry": {
        "type": "Polygon",
        "coordinates": [
          [
            [14.548889, 53.437446],
            [14.549019, 53.437002],
            [14.548999, 53.437001],
            [14.549004, 53.436969],
            [14.548545, 53.436926],
            [14.548543, 53.436941],
            [14.548537, 53.436941],
            [14.548536, 53.436944],
            [14.54851, 53.436941],
            [14.548556, 53.43678],
            [14.548577, 53.436782],
            [14.548569, 53.436813],
            [14.548591, 53.436815],
            [14.548595, 53.436799],
            [14.548617, 53.436801],
            [14.548609, 53.436829],
            [14.548598, 53.436827],
            [14.54859, 53.436854],
            [14.548636, 53.436858],
            [14.548643, 53.436833],
            [14.548632, 53.436832],
            [14.548636, 53.436818],
            [14.548657, 53.43682],
            [14.548661, 53.436807],
            [14.548684, 53.436809],
            [14.548688, 53.436794],
            [14.548709, 53.436796],
            [14.548684, 53.436882],
            [14.548667, 53.436881],
            [14.54866, 53.436908],
            [14.548712, 53.436914],
            [14.54872, 53.436885],
            [14.548706, 53.436884],
            [14.54873, 53.436799],
            [14.548754, 53.436801],
            [14.54875, 53.436815],
            [14.548795, 53.436819],
            [14.548791, 53.436831],
            [14.548814, 53.436833],
            [14.54881, 53.436846],
            [14.548833, 53.436848],
            [14.54884, 53.436825],
            [14.548879, 53.436829],
            [14.548872, 53.436854],
            [14.548859, 53.436852],
            [14.548852, 53.436879],
            [14.548899, 53.436883],
            [14.548906, 53.436857],
            [14.548894, 53.436856],
            [14.548899, 53.43684],
            [14.548918, 53.436842],
            [14.548921, 53.43683],
            [14.548945, 53.436833],
            [14.548941, 53.436846],
            [14.548965, 53.436848],
            [14.548954, 53.436888],
            [14.548938, 53.436887],
            [14.548931, 53.436913],
            [14.548978, 53.436918],
            [14.548986, 53.436892],
            [14.548975, 53.436891],
            [14.54899, 53.436839],
            [14.549023, 53.436843],
            [14.549027, 53.436827],
            [14.549065, 53.436831],
            [14.549111, 53.436669],
            [14.549134, 53.436555],
            [14.549251, 53.436517],
            [14.549016, 53.437456],
            [14.548889, 53.437446]
          ]
        ]
      },
      "properties": { "k": "green" }
    },
    {
      "type": "Feature",
      "geometry": {
        "type": "Polygon",
        "coordinates": [
          [
            [14.548443, 53.437727],
            [14.548484, 53.437583],
            [14.54871, 53.437607],
            [14.548802, 53.437703],
            [14.548811, 53.437723],
            [14.548813, 53.437738],
            [14.548806, 53.437761],
            [14.548443, 53.437727]
          ]
        ]
      },
      "properties": { "k": "green" }
    },
    {
      "type": "Feature",
      "geometry": {
        "type": "Polygon",
        "coordinates": [
          [
            [14.547689, 53.437503],
            [14.547644, 53.437663],
            [14.548439, 53.437743],
            [14.548799, 53.437779],
            [14.548779, 53.43785],
            [14.547531, 53.437744],
            [14.547599, 53.437495],
            [14.547689, 53.437503]
          ]
        ]
      },
      "properties": { "k": "green" }
    },
    {
      "type": "Feature",
      "geometry": {
        "type": "Polygon",
        "coordinates": [
          [
            [14.5476, 53.437479],
            [14.547638, 53.437351],
            [14.548653, 53.43745],
            [14.548633, 53.437514],
            [14.548643, 53.437544],
            [14.548693, 53.437589],
            [14.548488, 53.437568],
            [14.548489, 53.437564],
            [14.547694, 53.437484],
            [14.547693, 53.437488],
            [14.5476, 53.437479]
          ]
        ]
      },
      "properties": { "k": "green" }
    },
    {
      "type": "Feature",
      "geometry": {
        "type": "Polygon",
        "coordinates": [
          [
            [14.554485, 53.436839],
            [14.554469, 53.436838],
            [14.554488, 53.436776],
            [14.554851, 53.436817],
            [14.554868, 53.436754],
            [14.554906, 53.436757],
            [14.5549, 53.436761],
            [14.554895, 53.436768],
            [14.554869, 53.436859],
            [14.554862, 53.436867],
            [14.554855, 53.436871],
            [14.554843, 53.436875],
            [14.554831, 53.436877],
            [14.55482, 53.436872],
            [14.554833, 53.43683],
            [14.554796, 53.436826],
            [14.554759, 53.436822],
            [14.554722, 53.436818],
            [14.554685, 53.436814],
            [14.554648, 53.436809],
            [14.554611, 53.436805],
            [14.554574, 53.436801],
            [14.554537, 53.436797],
            [14.5545, 53.436793],
            [14.554485, 53.436839]
          ]
        ]
      },
      "properties": { "k": "park" }
    },
    {
      "type": "Feature",
      "geometry": {
        "type": "Polygon",
        "coordinates": [
          [
            [14.554198, 53.435144],
            [14.554267, 53.435152],
            [14.554248, 53.435205],
            [14.554312, 53.435213],
            [14.554332, 53.435231],
            [14.554327, 53.435286],
            [14.554284, 53.435319],
            [14.554238, 53.435236],
            [14.554195, 53.435246],
            [14.554148, 53.435256],
            [14.554148, 53.435241],
            [14.554198, 53.435144]
          ]
        ]
      },
      "properties": { "k": "park" }
    },
    {
      "type": "Feature",
      "geometry": {
        "type": "Polygon",
        "coordinates": [
          [
            [14.554781, 53.423964],
            [14.554764, 53.423942],
            [14.55476, 53.423933],
            [14.554787, 53.423877],
            [14.554706, 53.42377],
            [14.554771, 53.423761],
            [14.554925, 53.42374],
            [14.555011, 53.423728],
            [14.55518, 53.423705],
            [14.5552, 53.423702],
            [14.555204, 53.423713],
            [14.555189, 53.423727],
            [14.555219, 53.423811],
            [14.555306, 53.4238],
            [14.555324, 53.423838],
            [14.555287, 53.423888],
            [14.554781, 53.423964]
          ]
        ]
      },
      "properties": { "k": "green" }
    },
    {
      "type": "Feature",
      "geometry": {
        "type": "Polygon",
        "coordinates": [
          [
            [14.555396, 53.445744],
            [14.555687, 53.445665],
            [14.555729, 53.445654],
            [14.556445, 53.44546],
            [14.556512, 53.445539],
            [14.556707, 53.445766],
            [14.556564, 53.445813],
            [14.555944, 53.446001],
            [14.555903, 53.446015],
            [14.55545, 53.445774],
            [14.555396, 53.445744]
          ]
        ]
      },
      "properties": { "k": "green" }
    },
    {
      "type": "Feature",
      "geometry": {
        "type": "Polygon",
        "coordinates": [
          [
            [14.559639, 53.444695],
            [14.559307, 53.444407],
            [14.559451, 53.444363],
            [14.559713, 53.444674],
            [14.559639, 53.444695]
          ]
        ]
      },
      "properties": { "k": "forest" }
    },
    {
      "type": "Feature",
      "geometry": {
        "type": "Polygon",
        "coordinates": [
          [
            [14.557705, 53.446156],
            [14.557616, 53.446041],
            [14.557616, 53.446029],
            [14.557626, 53.446009],
            [14.55764, 53.44599],
            [14.557675, 53.445972],
            [14.557701, 53.445965],
            [14.557766, 53.446018],
            [14.557823, 53.446068],
            [14.557854, 53.446099],
            [14.55781, 53.446114],
            [14.557775, 53.446126],
            [14.557781, 53.446133],
            [14.557705, 53.446156]
          ]
        ]
      },
      "properties": { "k": "forest" }
    },
    {
      "type": "Feature",
      "geometry": {
        "type": "Polygon",
        "coordinates": [
          [
            [14.539926, 53.427797],
            [14.539719, 53.427828],
            [14.539702, 53.427819],
            [14.539728, 53.427804],
            [14.539722, 53.427793],
            [14.539738, 53.42779],
            [14.53968, 53.427656],
            [14.539735, 53.427647],
            [14.539851, 53.427629],
            [14.539887, 53.427709],
            [14.539926, 53.427797]
          ]
        ]
      },
      "properties": { "k": "park" }
    },
    {
      "type": "Feature",
      "geometry": {
        "type": "Polygon",
        "coordinates": [
          [
            [14.536555, 53.418024],
            [14.536668, 53.418007],
            [14.536725, 53.417958],
            [14.536718, 53.417932],
            [14.536804, 53.417921],
            [14.536837, 53.417935],
            [14.536856, 53.417983],
            [14.536917, 53.418119],
            [14.536881, 53.418123],
            [14.536893, 53.418156],
            [14.536865, 53.418159],
            [14.536846, 53.418116],
            [14.53656, 53.418158],
            [14.536558, 53.418152],
            [14.536607, 53.418144],
            [14.536591, 53.418107],
            [14.536555, 53.418024]
          ]
        ]
      },
      "properties": { "k": "forest" }
    },
    {
      "type": "Feature",
      "geometry": {
        "type": "Polygon",
        "coordinates": [
          [
            [14.541135, 53.426685],
            [14.54125, 53.426655],
            [14.541453, 53.426624],
            [14.541473, 53.426634],
            [14.541459, 53.426637],
            [14.541431, 53.426641],
            [14.541347, 53.426653],
            [14.541316, 53.426658],
            [14.541229, 53.426671],
            [14.541198, 53.426675],
            [14.541135, 53.426685]
          ]
        ]
      },
      "properties": { "k": "park" }
    },
    {
      "type": "Feature",
      "geometry": {
        "type": "Polygon",
        "coordinates": [
          [
            [14.541546, 53.426623],
            [14.541543, 53.42662],
            [14.541547, 53.426611],
            [14.541803, 53.426571],
            [14.541821, 53.426582],
            [14.541798, 53.426586],
            [14.541772, 53.42659],
            [14.541685, 53.426602],
            [14.541659, 53.426606],
            [14.541573, 53.426619],
            [14.541546, 53.426623]
          ]
        ]
      },
      "properties": { "k": "park" }
    },
    {
      "type": "Feature",
      "geometry": {
        "type": "Polygon",
        "coordinates": [
          [
            [14.542238, 53.426517],
            [14.542247, 53.426501],
            [14.542433, 53.426474],
            [14.542433, 53.426476],
            [14.542431, 53.426482],
            [14.542421, 53.426489],
            [14.542416, 53.426491],
            [14.542368, 53.426498],
            [14.542344, 53.426501],
            [14.542273, 53.426512],
            [14.542247, 53.426516],
            [14.542238, 53.426517]
          ]
        ]
      },
      "properties": { "k": "park" }
    },
    {
      "type": "Feature",
      "geometry": {
        "type": "Polygon",
        "coordinates": [
          [
            [14.541885, 53.426572],
            [14.541896, 53.426557],
            [14.542158, 53.426517],
            [14.54217, 53.426528],
            [14.542158, 53.42653],
            [14.542133, 53.426534],
            [14.542033, 53.426549],
            [14.542011, 53.426552],
            [14.541919, 53.426567],
            [14.541894, 53.426571],
            [14.541885, 53.426572]
          ]
        ]
      },
      "properties": { "k": "park" }
    },
    {
      "type": "Feature",
      "geometry": {
        "type": "Polygon",
        "coordinates": [
          [
            [14.543012, 53.438816],
            [14.539908, 53.441909],
            [14.539766, 53.441949],
            [14.539117, 53.441727],
            [14.53929, 53.441563],
            [14.539807, 53.441745],
            [14.542272, 53.439271],
            [14.542281, 53.43926],
            [14.542279, 53.439244],
            [14.542165, 53.439205],
            [14.542131, 53.439196],
            [14.542104, 53.439197],
            [14.542095, 53.439201],
            [14.542133, 53.439213],
            [14.542128, 53.43922],
            [14.542097, 53.439211],
            [14.54208, 53.439228],
            [14.541995, 53.439193],
            [14.542056, 53.439133],
            [14.541807, 53.439046],
            [14.541784, 53.43907],
            [14.541232, 53.438879],
            [14.541259, 53.438853],
            [14.541007, 53.438765],
            [14.540956, 53.438816],
            [14.540702, 53.438727],
            [14.538248, 53.441202],
            [14.53873, 53.441372],
            [14.538574, 53.44154],
            [14.537788, 53.441257],
            [14.539932, 53.439091],
            [14.540825, 53.438186],
            [14.540853, 53.438173],
            [14.540915, 53.438153],
            [14.540964, 53.438146],
            [14.541437, 53.438316],
            [14.541416, 53.43834],
            [14.541524, 53.438378],
            [14.542487, 53.438719],
            [14.542546, 53.438654],
            [14.543012, 53.438816]
          ]
        ]
      },
      "properties": { "k": "park" }
    },
    {
      "type": "Feature",
      "geometry": {
        "type": "Polygon",
        "coordinates": [
          [
            [14.554137, 53.439691],
            [14.554109, 53.439654],
            [14.55421, 53.439616],
            [14.554247, 53.439651],
            [14.554137, 53.439691]
          ]
        ]
      },
      "properties": { "k": "park" }
    },
    {
      "type": "Feature",
      "geometry": {
        "type": "Polygon",
        "coordinates": [
          [
            [14.554308, 53.439629],
            [14.554279, 53.439601],
            [14.554316, 53.439588],
            [14.554345, 53.439615],
            [14.554308, 53.439629]
          ]
        ]
      },
      "properties": { "k": "park" }
    },
    {
      "type": "Feature",
      "geometry": {
        "type": "Polygon",
        "coordinates": [
          [
            [14.554296, 53.439793],
            [14.554365, 53.439767],
            [14.554397, 53.439754],
            [14.554596, 53.439912],
            [14.554681, 53.439937],
            [14.554858, 53.439949],
            [14.554974, 53.439942],
            [14.555048, 53.439924],
            [14.555124, 53.439992],
            [14.554797, 53.440097],
            [14.554463, 53.440205],
            [14.554432, 53.440176],
            [14.55449, 53.440154],
            [14.554444, 53.440109],
            [14.554427, 53.440067],
            [14.554384, 53.440066],
            [14.554321, 53.440016],
            [14.554416, 53.440015],
            [14.554499, 53.440008],
            [14.554497, 53.44003],
            [14.554549, 53.440028],
            [14.55455, 53.440007],
            [14.554296, 53.439793]
          ]
        ]
      },
      "properties": { "k": "forest" }
    },
    {
      "type": "Feature",
      "geometry": {
        "type": "Polygon",
        "coordinates": [
          [
            [14.550116, 53.434603],
            [14.549989, 53.434495],
            [14.550084, 53.434455],
            [14.550206, 53.434564],
            [14.550116, 53.434603]
          ]
        ]
      },
      "properties": { "k": "park" }
    },
    {
      "type": "Feature",
      "geometry": {
        "type": "Polygon",
        "coordinates": [
          [
            [14.550205, 53.434511],
            [14.550269, 53.434484],
            [14.55031, 53.434519],
            [14.550245, 53.434547],
            [14.550205, 53.434511]
          ]
        ]
      },
      "properties": { "k": "park" }
    },
    {
      "type": "Feature",
      "geometry": {
        "type": "Polygon",
        "coordinates": [
          [
            [14.550294, 53.434473],
            [14.550407, 53.434425],
            [14.550446, 53.434462],
            [14.550333, 53.43451],
            [14.550294, 53.434473]
          ]
        ]
      },
      "properties": { "k": "park" }
    },
    {
      "type": "Feature",
      "geometry": {
        "type": "Polygon",
        "coordinates": [
          [
            [14.550433, 53.434414],
            [14.55055, 53.434364],
            [14.550592, 53.434401],
            [14.550474, 53.43445],
            [14.550433, 53.434414]
          ]
        ]
      },
      "properties": { "k": "park" }
    },
    {
      "type": "Feature",
      "geometry": {
        "type": "Polygon",
        "coordinates": [
          [
            [14.550573, 53.434353],
            [14.550687, 53.434305],
            [14.550731, 53.434343],
            [14.550615, 53.434392],
            [14.550573, 53.434353]
          ]
        ]
      },
      "properties": { "k": "park" }
    },
    {
      "type": "Feature",
      "geometry": {
        "type": "Polygon",
        "coordinates": [
          [
            [14.551543, 53.435209],
            [14.551535, 53.435204],
            [14.55153, 53.435197],
            [14.55153, 53.435189],
            [14.551534, 53.435182],
            [14.551542, 53.435176],
            [14.551553, 53.435172],
            [14.551565, 53.43517],
            [14.551578, 53.435171],
            [14.551589, 53.435174],
            [14.551598, 53.43518],
            [14.551603, 53.435186],
            [14.551604, 53.435193],
            [14.551602, 53.4352],
            [14.551596, 53.435206],
            [14.551587, 53.435211],
            [14.551576, 53.435214],
            [14.551564, 53.435214],
            [14.551553, 53.435213],
            [14.551543, 53.435209]
          ]
        ]
      },
      "properties": { "k": "park" }
    },
    {
      "type": "Feature",
      "geometry": {
        "type": "Polygon",
        "coordinates": [
          [
            [14.549066, 53.43746],
            [14.549095, 53.437351],
            [14.549124, 53.437354],
            [14.54915, 53.437356],
            [14.549153, 53.437346],
            [14.549192, 53.437349],
            [14.549163, 53.437467],
            [14.549066, 53.43746]
          ]
        ]
      },
      "properties": { "k": "park" }
    },
    {
      "type": "Feature",
      "geometry": {
        "type": "Polygon",
        "coordinates": [
          [
            [14.551045, 53.448797],
            [14.550928, 53.448547],
            [14.551161, 53.44851],
            [14.551341, 53.448481],
            [14.551522, 53.448452],
            [14.551589, 53.448442],
            [14.551606, 53.448478],
            [14.551632, 53.448533],
            [14.551705, 53.448689],
            [14.551456, 53.44873],
            [14.551439, 53.448733],
            [14.551275, 53.44876],
            [14.551045, 53.448797]
          ]
        ]
      },
      "properties": { "k": "green" }
    },
    {
      "type": "Feature",
      "geometry": {
        "type": "Polygon",
        "coordinates": [
          [
            [14.550265, 53.448894],
            [14.550244, 53.448809],
            [14.550239, 53.448682],
            [14.550244, 53.448669],
            [14.550257, 53.448655],
            [14.550287, 53.448643],
            [14.550928, 53.448547],
            [14.551045, 53.448797],
            [14.550431, 53.44887],
            [14.550265, 53.448894]
          ]
        ]
      },
      "properties": { "k": "forest" }
    },
    {
      "type": "Feature",
      "geometry": {
        "type": "Polygon",
        "coordinates": [
          [
            [14.553141, 53.444806],
            [14.553229, 53.444724],
            [14.553236, 53.444717],
            [14.553269, 53.44473],
            [14.553319, 53.44475],
            [14.553339, 53.444757],
            [14.553141, 53.444806]
          ]
        ]
      },
      "properties": { "k": "forest" }
    },
    {
      "type": "Feature",
      "geometry": {
        "type": "Polygon",
        "coordinates": [
          [
            [14.544398, 53.434895],
            [14.544373, 53.434897],
            [14.544267, 53.434855],
            [14.544619, 53.434534],
            [14.544671, 53.434553],
            [14.544679, 53.434608],
            [14.544621, 53.43466],
            [14.544645, 53.434669],
            [14.544398, 53.434895]
          ]
        ]
      },
      "properties": { "k": "green" }
    },
    {
      "type": "Feature",
      "geometry": {
        "type": "Polygon",
        "coordinates": [
          [
            [14.542484, 53.443979],
            [14.5425, 53.443746],
            [14.543138, 53.443762],
            [14.543114, 53.443991],
            [14.542484, 53.443979]
          ]
        ]
      },
      "properties": { "k": "green" }
    },
    {
      "type": "Feature",
      "geometry": {
        "type": "Polygon",
        "coordinates": [
          [
            [14.537453, 53.438639],
            [14.536674, 53.438361],
            [14.536683, 53.438351],
            [14.536733, 53.438302],
            [14.536806, 53.438225],
            [14.536831, 53.4382],
            [14.536961, 53.438244],
            [14.537079, 53.438129],
            [14.537113, 53.438097],
            [14.537301, 53.437914],
            [14.538061, 53.438192],
            [14.537835, 53.438418],
            [14.538054, 53.438493],
            [14.538042, 53.438508],
            [14.537999, 53.438549],
            [14.537995, 53.438553],
            [14.537969, 53.43858],
            [14.537967, 53.438582],
            [14.537947, 53.438604],
            [14.537941, 53.43861],
            [14.537917, 53.438634],
            [14.537892, 53.43866],
            [14.537821, 53.438635],
            [14.53777, 53.438621],
            [14.537672, 53.438719],
            [14.53759, 53.438694],
            [14.537453, 53.438639]
          ]
        ]
      },
      "properties": { "k": "green" }
    },
    {
      "type": "Feature",
      "geometry": {
        "type": "Polygon",
        "coordinates": [
          [
            [14.536861, 53.439433],
            [14.536795, 53.439409],
            [14.537266, 53.43893],
            [14.537304, 53.438886],
            [14.537329, 53.438823],
            [14.537453, 53.438639],
            [14.53759, 53.438694],
            [14.537568, 53.438716],
            [14.537544, 53.438739],
            [14.537521, 53.438762],
            [14.537498, 53.438785],
            [14.537579, 53.43881],
            [14.537618, 53.438824],
            [14.53755, 53.438891],
            [14.537594, 53.438905],
            [14.537153, 53.439349],
            [14.537101, 53.439331],
            [14.537026, 53.439409],
            [14.537068, 53.439423],
            [14.537011, 53.439485],
            [14.536861, 53.439433]
          ]
        ]
      },
      "properties": { "k": "green" }
    },
    {
      "type": "Feature",
      "geometry": {
        "type": "Polygon",
        "coordinates": [
          [
            [14.554882, 53.436736],
            [14.554886, 53.436719],
            [14.554914, 53.436721],
            [14.554936, 53.436633],
            [14.554898, 53.436629],
            [14.554905, 53.436598],
            [14.554946, 53.436613],
            [14.554918, 53.436735],
            [14.554911, 53.436739],
            [14.554882, 53.436736]
          ]
        ]
      },
      "properties": { "k": "park" }
    },
    {
      "type": "Feature",
      "geometry": {
        "type": "Polygon",
        "coordinates": [
          [
            [14.554897, 53.435096],
            [14.554504, 53.435081],
            [14.554507, 53.435051],
            [14.5549, 53.435066],
            [14.554897, 53.435096]
          ]
        ]
      },
      "properties": { "k": "park" }
    },
    {
      "type": "Feature",
      "geometry": {
        "type": "Polygon",
        "coordinates": [
          [
            [14.56087, 53.425578],
            [14.560895, 53.425578],
            [14.561089, 53.425715],
            [14.561156, 53.425816],
            [14.561341, 53.425974],
            [14.561507, 53.426094],
            [14.561497, 53.426147],
            [14.561529, 53.426173],
            [14.561678, 53.426271],
            [14.561928, 53.426449],
            [14.561648, 53.426417],
            [14.561556, 53.426329],
            [14.561391, 53.42617],
            [14.561343, 53.426189],
            [14.560861, 53.425733],
            [14.56088, 53.425726],
            [14.560761, 53.425617],
            [14.56087, 53.425578]
          ]
        ]
      },
      "properties": { "k": "forest" }
    },
    {
      "type": "Feature",
      "geometry": {
        "type": "Polygon",
        "coordinates": [
          [
            [14.555371, 53.449182],
            [14.555465, 53.449154],
            [14.555527, 53.449122],
            [14.555583, 53.449074],
            [14.555613, 53.449],
            [14.555632, 53.448961],
            [14.555678, 53.448935],
            [14.555757, 53.448912],
            [14.557576, 53.448618],
            [14.558262, 53.448455],
            [14.55843, 53.44852],
            [14.558512, 53.44855],
            [14.558583, 53.44855],
            [14.55908, 53.448496],
            [14.559037, 53.448366],
            [14.559043, 53.44832],
            [14.559075, 53.448294],
            [14.559121, 53.44827],
            [14.559251, 53.44825],
            [14.559239, 53.448216],
            [14.560596, 53.447988],
            [14.56061, 53.44799],
            [14.560626, 53.448041],
            [14.560639, 53.448072],
            [14.560502, 53.448088],
            [14.560161, 53.448177],
            [14.559702, 53.448264],
            [14.559765, 53.448428],
            [14.559768, 53.448447],
            [14.559422, 53.448485],
            [14.559441, 53.448543],
            [14.559461, 53.448568],
            [14.55902, 53.44864],
            [14.558681, 53.448718],
            [14.558455, 53.448772],
            [14.558046, 53.448828],
            [14.557338, 53.448853],
            [14.557237, 53.448913],
            [14.557092, 53.448931],
            [14.557041, 53.449006],
            [14.556896, 53.449018],
            [14.55673, 53.448951],
            [14.556511, 53.44899],
            [14.556375, 53.449009],
            [14.556256, 53.449064],
            [14.555553, 53.449181],
            [14.555428, 53.4492],
            [14.555371, 53.449182]
          ]
        ]
      },
      "properties": { "k": "forest" }
    },
    {
      "type": "Feature",
      "geometry": {
        "type": "Polygon",
        "coordinates": [
          [
            [14.55294, 53.449601],
            [14.55298, 53.449778],
            [14.552751, 53.449803],
            [14.551975, 53.449888],
            [14.551597, 53.449929],
            [14.55154, 53.449936],
            [14.55111, 53.449984],
            [14.551092, 53.449982],
            [14.551077, 53.449979],
            [14.551059, 53.449974],
            [14.551048, 53.449965],
            [14.551095, 53.44996],
            [14.550991, 53.449918],
            [14.551164, 53.449908],
            [14.551166, 53.449931],
            [14.551346, 53.449912],
            [14.551299, 53.449801],
            [14.55266, 53.449634],
            [14.55294, 53.449601]
          ]
        ]
      },
      "properties": { "k": "forest" }
    },
    {
      "type": "Feature",
      "geometry": {
        "type": "Polygon",
        "coordinates": [
          [
            [14.551611, 53.448488],
            [14.552048, 53.448456],
            [14.552174, 53.448611],
            [14.551705, 53.448689],
            [14.551632, 53.448533],
            [14.551611, 53.448488]
          ]
        ]
      },
      "properties": { "k": "forest" }
    },
    {
      "type": "Feature",
      "geometry": {
        "type": "Polygon",
        "coordinates": [
          [
            [14.551275, 53.44876],
            [14.551161, 53.44851],
            [14.551341, 53.448481],
            [14.551456, 53.44873],
            [14.551275, 53.44876]
          ]
        ]
      },
      "properties": { "k": "forest" }
    },
    {
      "type": "Feature",
      "geometry": {
        "type": "Polygon",
        "coordinates": [
          [
            [14.551456, 53.44873],
            [14.551341, 53.448481],
            [14.551522, 53.448452],
            [14.551541, 53.44849],
            [14.551567, 53.448544],
            [14.551632, 53.448533],
            [14.551705, 53.448689],
            [14.551456, 53.44873]
          ]
        ]
      },
      "properties": { "k": "forest" }
    },
    {
      "type": "Feature",
      "geometry": {
        "type": "Polygon",
        "coordinates": [
          [
            [14.559501, 53.424449],
            [14.559521, 53.424437],
            [14.559909, 53.42466],
            [14.559792, 53.424739],
            [14.55978, 53.424729],
            [14.559818, 53.424701],
            [14.559882, 53.424661],
            [14.559696, 53.424556],
            [14.559501, 53.424449]
          ]
        ]
      },
      "properties": { "k": "park" }
    },
    {
      "type": "Feature",
      "geometry": {
        "type": "Polygon",
        "coordinates": [
          [
            [14.559399, 53.424369],
            [14.559383, 53.424377],
            [14.559192, 53.424272],
            [14.559002, 53.424167],
            [14.559019, 53.424156],
            [14.559399, 53.424369]
          ]
        ]
      },
      "properties": { "k": "park" }
    },
    {
      "type": "Feature",
      "geometry": {
        "type": "Polygon",
        "coordinates": [
          [
            [14.558541, 53.423881],
            [14.558922, 53.424094],
            [14.558958, 53.424115],
            [14.558954, 53.424119],
            [14.558918, 53.424098],
            [14.558536, 53.423885],
            [14.558541, 53.423881]
          ]
        ]
      },
      "properties": { "k": "park" }
    },
    {
      "type": "Feature",
      "geometry": {
        "type": "Polygon",
        "coordinates": [
          [
            [14.54379, 53.445043],
            [14.543725, 53.44505],
            [14.543684, 53.445056],
            [14.543565, 53.445071],
            [14.543467, 53.444813],
            [14.54356, 53.4448],
            [14.543555, 53.44475],
            [14.543764, 53.44473],
            [14.543778, 53.44475],
            [14.543824, 53.444745],
            [14.543809, 53.444726],
            [14.543962, 53.444716],
            [14.543984, 53.444812],
            [14.54415, 53.444798],
            [14.544315, 53.444785],
            [14.544359, 53.444952],
            [14.544327, 53.44496],
            [14.544336, 53.44499],
            [14.544224, 53.445],
            [14.544132, 53.445016],
            [14.544166, 53.445086],
            [14.543988, 53.445103],
            [14.543929, 53.444901],
            [14.543752, 53.444918],
            [14.54379, 53.445043]
          ]
        ]
      },
      "properties": { "k": "forest" }
    },
    {
      "type": "Feature",
      "geometry": {
        "type": "Polygon",
        "coordinates": [
          [
            [14.53963, 53.428936],
            [14.540034, 53.428876],
            [14.540053, 53.428921],
            [14.539651, 53.428979],
            [14.53963, 53.428936]
          ]
        ]
      },
      "properties": { "k": "park" }
    },
    {
      "type": "Feature",
      "geometry": {
        "type": "Polygon",
        "coordinates": [
          [
            [14.556167, 53.440484],
            [14.556108, 53.440436],
            [14.556062, 53.440398],
            [14.555775, 53.440164],
            [14.555582, 53.440007],
            [14.556003, 53.439807],
            [14.556767, 53.439308],
            [14.557766, 53.438779],
            [14.557827, 53.438418],
            [14.55861, 53.438284],
            [14.558681, 53.438401],
            [14.559685, 53.438214],
            [14.559682, 53.438115],
            [14.560116, 53.438209],
            [14.559933, 53.438394],
            [14.55986, 53.438341],
            [14.558641, 53.438582],
            [14.559078, 53.438939],
            [14.558496, 53.439213],
            [14.558069, 53.439462],
            [14.557966, 53.439522],
            [14.557013, 53.440079],
            [14.556167, 53.440484]
          ]
        ]
      },
      "properties": { "k": "forest" }
    },
    {
      "type": "Feature",
      "geometry": {
        "type": "Polygon",
        "coordinates": [
          [
            [14.558617, 53.441096],
            [14.558606, 53.441051],
            [14.558747, 53.441038],
            [14.558758, 53.441083],
            [14.558617, 53.441096]
          ]
        ]
      },
      "properties": { "k": "park" }
    },
    {
      "type": "Feature",
      "geometry": {
        "type": "Polygon",
        "coordinates": [
          [
            [14.558625, 53.440968],
            [14.55866, 53.440965],
            [14.558658, 53.440954],
            [14.558863, 53.44094],
            [14.558874, 53.440997],
            [14.558634, 53.441013],
            [14.558625, 53.440968]
          ]
        ]
      },
      "properties": { "k": "park" }
    },
    {
      "type": "Feature",
      "geometry": {
        "type": "Polygon",
        "coordinates": [
          [
            [14.558842, 53.44138],
            [14.558979, 53.44137],
            [14.558997, 53.441451],
            [14.558868, 53.441455],
            [14.558865, 53.44143],
            [14.558848, 53.441431],
            [14.558842, 53.44138]
          ]
        ]
      },
      "properties": { "k": "park" }
    },
    {
      "type": "Feature",
      "geometry": {
        "type": "Polygon",
        "coordinates": [
          [
            [14.55478, 53.442221],
            [14.554798, 53.442173],
            [14.554828, 53.442132],
            [14.55486, 53.442102],
            [14.554902, 53.442077],
            [14.554941, 53.442044],
            [14.555008, 53.441996],
            [14.555026, 53.441984],
            [14.556245, 53.441841],
            [14.556282, 53.441909],
            [14.555851, 53.44198],
            [14.555832, 53.441933],
            [14.555731, 53.441953],
            [14.55478, 53.442221]
          ]
        ]
      },
      "properties": { "k": "forest" }
    },
    {
      "type": "Feature",
      "geometry": {
        "type": "Polygon",
        "coordinates": [
          [
            [14.53965, 53.44543],
            [14.539705, 53.445416],
            [14.539747, 53.445469],
            [14.539721, 53.44548],
            [14.539708, 53.445482],
            [14.539692, 53.44548],
            [14.53968, 53.445475],
            [14.539673, 53.445468],
            [14.53965, 53.44543]
          ]
        ]
      },
      "properties": { "k": "park" }
    },
    {
      "type": "Feature",
      "geometry": {
        "type": "Polygon",
        "coordinates": [
          [
            [14.542353, 53.4447],
            [14.542318, 53.444696],
            [14.542309, 53.444693],
            [14.542302, 53.444689],
            [14.5423, 53.444681],
            [14.542302, 53.44467],
            [14.542307, 53.444662],
            [14.542318, 53.444652],
            [14.542335, 53.44464],
            [14.542343, 53.444658],
            [14.542351, 53.444666],
            [14.542361, 53.44467],
            [14.542371, 53.444672],
            [14.542379, 53.444671],
            [14.542386, 53.444687],
            [14.54235, 53.444692],
            [14.542353, 53.4447]
          ]
        ]
      },
      "properties": { "k": "park" }
    },
    {
      "type": "Feature",
      "geometry": {
        "type": "Polygon",
        "coordinates": [
          [
            [14.559009, 53.440565],
            [14.558841, 53.440582],
            [14.558817, 53.440481],
            [14.559089, 53.440459],
            [14.559104, 53.440517],
            [14.558999, 53.440526],
            [14.559009, 53.440565]
          ]
        ]
      },
      "properties": { "k": "park" }
    },
    {
      "type": "Feature",
      "geometry": {
        "type": "Polygon",
        "coordinates": [
          [
            [14.55888, 53.440746],
            [14.558861, 53.440667],
            [14.558973, 53.440657],
            [14.558991, 53.440734],
            [14.55888, 53.440746]
          ]
        ]
      },
      "properties": { "k": "park" }
    },
    {
      "type": "Feature",
      "geometry": {
        "type": "Polygon",
        "coordinates": [
          [
            [14.558882, 53.440755],
            [14.559055, 53.440738],
            [14.559067, 53.440769],
            [14.559109, 53.440765],
            [14.559159, 53.440759],
            [14.559166, 53.440759],
            [14.559177, 53.4408],
            [14.558899, 53.440825],
            [14.558882, 53.440755]
          ]
        ]
      },
      "properties": { "k": "park" }
    },
    {
      "type": "Feature",
      "geometry": {
        "type": "Polygon",
        "coordinates": [
          [
            [14.55939, 53.441161],
            [14.559565, 53.441148],
            [14.559585, 53.441233],
            [14.559411, 53.441243],
            [14.559404, 53.441215],
            [14.55939, 53.441161]
          ]
        ]
      },
      "properties": { "k": "park" }
    }
  ]
}
